Date,Open,High,Low,Close
2015-09-11,238,241,238,240
2015-09-12,240,240,235,235
2015-09-13,235,236,229,231
2015-09-14,231,232,228,231
2015-09-15,230,259,230,230
2015-09-16,230,231,227,229
2015-09-17,229,230,229,230
2015-09-18,234,234,232,233
2015-09-19,233,233,231,231
2015-09-20,231,232,231,231
2015-09-21,231,231,227,227
2015-09-22,227,232,225,231
2015-09-23,231,232,230,230
2015-09-24,230,236,230,235
2015-09-25,234,237,234,235
2015-09-26,235,235,233,234
2015-09-27,234,235,232,233
2015-09-28,233,239,232,239
2015-09-29,239,240,236,237
2015-09-30,237,238,236,236
2015-10-01,236,238,236,238
2015-10-02,237,239,237,237
2015-10-03,237,239,237,239
2015-10-04,239,239,238,238
2015-10-05,238,240,237,240
2015-10-06,240,247,240,246
2015-10-07,246,247,243,243
2015-10-08,243,244,242,242
2015-10-09,242,244,242,244
2015-10-10,244,245,243,245
2015-10-11,245,247,244,247
2015-10-12,247,247,245,245
2015-10-13,245,250,244,250
2015-10-14,249,254,249,252
2015-10-15,252,256,252,254
2015-10-16,254,266,254,263
2015-10-17,263,274,262,271
2015-10-18,271,272,261,262
2015-10-19,262,265,261,263
2015-10-20,264,271,263,269
2015-10-21,269,271,264,266
2015-10-22,266,277,266,274
2015-10-23,274,279,274,276
2015-10-24,277,282,277,282
2015-10-25,281,294,281,284
2015-10-26,284,285,281,285
2015-10-27,285,296,285,294
2015-10-28,294,306,294,305
2015-10-29,304,318,302,314
2015-10-30,314,334,314,328
2015-10-31,329,333,309,314
2015-11-01,315,327,312,325
2015-11-02,326,365,323,361
2015-11-03,362,418,358,403
2015-11-04,404,496,381,412
2015-11-05,408,448,375,386
2015-11-06,388,396,354,374
2015-11-07,374,391,372,386
2015-11-08,384,390,369,373
2015-11-09,374,385,363,380
2015-11-10,380,381,329,337
2015-11-11,340,341,301,311
2015-11-12,314,345,313,338
2015-11-13,338,341,326,337
2015-11-14,337,338,330,333
2015-11-15,333,335,317,320
2015-11-16,320,332,316,331
2015-11-17,330,338,330,335
2015-11-18,335,337,331,335
2015-11-19,335,335,325,326
2015-11-20,326,326,312,322
2015-11-21,322,328,320,327
2015-11-22,327,327,321,325
2015-11-23,324,325,321,323
2015-11-24,323,323,318,320
2015-11-25,320,329,317,328
2015-11-26,328,367,328,353
2015-11-27,352,364,348,358
2015-11-28,357,360,352,357
2015-11-29,357,372,356,371
2015-11-30,371,382,370,377
2015-12-01,377,379,357,362
2015-12-02,362,362,349,359
2015-12-03,359,370,357,361
2015-12-04,361,364,356,363
2015-12-05,364,390,363,389
2015-12-06,390,403,387,389
2015-12-07,390,400,385,396
2015-12-08,396,416,390,416
2015-12-09,414,423,406,418
2015-12-10,418,420,412,415
2015-12-11,415,452,415,452
2015-12-12,452,469,411,435
2015-12-13,432,442,426,434
2015-12-14,433,447,430,444
2015-12-15,444,465,444,465
2015-12-16,465,465,444,455
2015-12-17,455,458,449,456
2015-12-18,456,465,455,464
2015-12-19,464,466,457,462
2015-12-20,462,463,434,443
2015-12-21,443,445,427,439
2015-12-22,437,444,436,437
2015-12-23,437,445,437,442
2015-12-24,443,458,443,455
2015-12-25,455,458,452,456
2015-12-26,456,457,406,417
2015-12-27,417,424,409,423
2015-12-28,423,430,418,422
2015-12-29,422,433,421,433
2015-12-30,433,434,422,427
2015-12-31,426,433,419,431
2016-01-01,431,436,428,434
2016-01-02,435,436,432,433
2016-01-03,434,434,425,430
2016-01-04,430,435,429,433
2016-01-05,433,434,430,432
2016-01-06,432,432,426,429
2016-01-07,430,459,429,458
2016-01-08,458,463,448,453
2016-01-09,453,455,447,448
2016-01-10,448,448,440,448
2016-01-11,449,451,444,448
2016-01-12,448,448,436,436
2016-01-13,435,435,424,432
2016-01-14,432,433,428,430
2016-01-15,430,430,364,364
2016-01-16,365,391,355,388
2016-01-17,387,391,380,382
2016-01-18,382,388,377,387
2016-01-19,387,388,379,380
2016-01-20,380,425,377,420
2016-01-21,420,423,406,410
2016-01-22,410,410,375,382
2016-01-23,382,395,382,387
2016-01-24,388,405,388,403
2016-01-25,402,402,389,392
2016-01-26,392,398,391,392
2016-01-27,392,397,392,395
2016-01-28,395,396,380,380
2016-01-29,380,384,365,379
2016-01-30,379,381,376,378
2016-01-31,378,380,368,369
2016-02-01,369,378,368,373
2016-02-02,373,376,373,374
2016-02-03,375,375,368,370
2016-02-04,370,392,370,390
2016-02-05,389,391,386,387
2016-02-06,387,387,372,377
2016-02-07,377,381,375,377
2016-02-08,377,380,373,373
2016-02-09,373,377,373,376
2016-02-10,376,385,376,382
2016-02-11,382,383,376,380
2016-02-12,380,385,380,384
2016-02-13,385,392,385,392
2016-02-14,393,407,393,407
2016-02-15,408,410,398,400
2016-02-16,401,409,401,407
2016-02-17,408,421,407,416
2016-02-18,417,426,416,422
2016-02-19,423,423,418,421
2016-02-20,422,442,422,437
2016-02-21,438,448,429,439
2016-02-22,439,439,433,438
2016-02-23,438,440,418,421
2016-02-24,421,426,414,425
2016-02-25,425,428,420,425
2016-02-26,425,432,422,432
2016-02-27,433,434,428,433
2016-02-28,433,436,424,434
2016-02-29,433,442,432,438
2016-03-01,438,440,432,435
2016-03-02,435,436,424,424
2016-03-03,424,425,419,422
2016-03-04,422,425,411,411
2016-03-05,411,411,394,401
2016-03-06,401,412,396,408
2016-03-07,408,416,406,414
2016-03-08,414,416,411,414
2016-03-09,414,416,412,415
2016-03-10,415,418,413,417
2016-03-11,417,424,417,422
2016-03-12,422,422,410,412
2016-03-13,412,417,412,414
2016-03-14,414,417,414,416
2016-03-15,416,418,415,417
2016-03-16,417,418,416,417
2016-03-17,418,421,418,421
2016-03-18,421,421,406,410
2016-03-19,409,411,407,410
2016-03-20,410,415,410,414
2016-03-21,413,413,410,413
2016-03-22,413,418,413,418
2016-03-23,418,419,417,418
2016-03-24,418,419,415,416
2016-03-25,417,418,416,417
2016-03-26,417,419,416,418
2016-03-27,418,429,418,427
2016-03-28,427,427,423,424
2016-03-29,424,426,413,417
2016-03-30,417,417,412,415
2016-03-31,415,418,415,417
2016-04-01,417,418,416,418
2016-04-02,418,422,418,421
2016-04-03,421,422,420,421
2016-04-04,421,422,420,421
2016-04-05,421,424,421,424
2016-04-06,424,425,423,423
2016-04-07,424,424,421,423
2016-04-08,423,425,420,420
2016-04-09,421,421,417,419
2016-04-10,420,422,419,422
2016-04-11,422,423,421,422
2016-04-12,423,427,423,425
2016-04-13,426,427,423,424
2016-04-14,424,425,423,424
2016-04-15,424,430,424,430
2016-04-16,430,433,429,431
2016-04-17,431,431,426,427
2016-04-18,428,429,427,429
2016-04-19,429,436,428,436
2016-04-20,435,443,434,441
2016-04-21,441,451,441,449
2016-04-22,450,450,444,446
2016-04-23,446,450,444,450
2016-04-24,451,460,449,459
2016-04-25,459,467,454,461
2016-04-26,462,468,462,466
2016-04-27,466,467,444,445
2016-04-28,445,450,437,449
2016-04-29,449,455,446,455
2016-04-30,455,456,448,448
2016-05-01,448,452,448,452
2016-05-02,452,452,442,445
2016-05-03,445,451,443,450
2016-05-04,450,450,446,447
2016-05-05,447,449,446,448
2016-05-06,448,461,447,460
2016-05-07,460,461,457,459
2016-05-08,458,459,456,459
2016-05-09,458,462,457,460
2016-05-10,461,462,449,451
2016-05-11,451,455,451,453
2016-05-12,452,455,449,455
2016-05-13,455,457,453,456
2016-05-14,456,457,455,456
2016-05-15,456,459,455,458
2016-05-16,458,458,453,454
2016-05-17,454,455,454,454
2016-05-18,454,456,453,455
2016-05-19,455,455,439,439
2016-05-20,438,444,437,443
2016-05-21,443,444,442,443
2016-05-22,443,443,439,439
2016-05-23,439,444,439,444
2016-05-24,444,447,444,446
2016-05-25,446,450,446,450
2016-05-26,450,454,448,453
2016-05-27,454,478,454,473
2016-05-28,473,533,473,530
2016-05-29,527,554,512,526
2016-05-30,528,544,523,534
2016-05-31,534,547,521,531
2016-06-01,531,543,526,537
2016-06-02,537,540,533,538
2016-06-03,538,575,537,569
2016-06-04,570,590,564,573
2016-06-05,573,583,569,575
2016-06-06,575,586,575,586
2016-06-07,585,590,568,577
2016-06-08,577,583,573,582
2016-06-09,582,582,571,575
2016-06-10,576,579,573,577
2016-06-11,579,607,579,607
2016-06-12,610,685,607,673
2016-06-13,672,716,664,704
2016-06-14,705,705,663,686
2016-06-15,686,696,673,694
2016-06-16,697,774,697,766
2016-06-17,768,775,717,749
2016-06-18,749,778,734,756
2016-06-19,757,767,746,764
2016-06-20,764,764,733,737
2016-06-21,736,736,639,667
2016-06-22,666,679,587,596
2016-06-23,597,629,558,624
2016-06-24,626,682,625,665
2016-06-25,665,692,647,665
2016-06-26,666,666,617,629
2016-06-27,629,655,621,655
2016-06-28,658,659,638,647
2016-06-29,644,645,628,640
2016-06-30,641,675,637,673
2016-07-01,673,686,670,676
2016-07-02,677,704,676,704
2016-07-03,705,705,649,659
2016-07-04,659,684,651,684
2016-07-05,683,683,665,671
2016-07-06,670,682,670,677
2016-07-07,678,682,612,641
2016-07-08,641,667,636,667
2016-07-09,666,666,633,651
2016-07-10,651,652,641,649
2016-07-11,648,660,645,648
2016-07-12,648,675,647,665
2016-07-13,665,669,654,654
2016-07-14,653,663,653,658
2016-07-15,659,667,659,663
2016-07-16,664,666,659,661
2016-07-17,662,682,662,679
2016-07-18,680,682,669,673
2016-07-19,673,673,668,673
2016-07-20,673,673,663,666
2016-07-21,665,666,660,665
2016-07-22,665,667,647,651
2016-07-23,651,656,649,656
2016-07-24,655,663,653,661
2016-07-25,661,662,653,654
2016-07-26,654,656,646,652
2016-07-27,652,657,648,654
2016-07-28,654,658,654,655
2016-07-29,655,658,655,657
2016-07-30,657,658,654,655
2016-07-31,655,655,624,625
2016-08-01,625,626,606,606
2016-08-02,606,613,531,547
2016-08-03,549,573,542,566
2016-08-04,566,579,566,578
2016-08-05,578,578,570,575
2016-08-06,575,588,569,588
2016-08-07,588,598,587,593
2016-08-08,593,593,588,591
2016-08-09,591,591,585,588
2016-08-10,588,600,586,592
2016-08-11,592,598,589,589
2016-08-12,589,590,584,588
2016-08-13,587,590,585,586
2016-08-14,586,586,565,570
2016-08-15,570,574,563,567
2016-08-16,567,582,567,577
2016-08-17,578,581,571,573
2016-08-18,574,578,573,574
2016-08-19,574,578,574,576
2016-08-20,576,583,575,582
2016-08-21,582,584,580,581
2016-08-22,581,588,581,587
2016-08-23,587,589,582,583
2016-08-24,583,584,580,580
2016-08-25,580,580,575,578
2016-08-26,578,581,577,580
2016-08-27,579,580,569,570
2016-08-28,570,574,570,574
2016-08-29,574,576,573,574
2016-08-30,574,578,574,578
2016-08-31,578,578,574,575
2016-09-01,576,576,572,572
2016-09-02,572,576,571,576
2016-09-03,576,600,574,598
2016-09-04,599,612,597,609
2016-09-05,609,609,602,607
2016-09-06,607,611,605,610
2016-09-07,611,615,609,615
2016-09-08,615,629,614,626
2016-09-09,626,627,620,623
2016-09-10,623,625,622,624
2016-09-11,623,629,601,607
2016-09-12,607,608,605,608
2016-09-13,608,611,607,609
2016-09-14,609,612,608,611
2016-09-15,611,611,607,607
2016-09-16,607,609,607,607
2016-09-17,607,608,605,606
2016-09-18,606,610,606,610
2016-09-19,610,611,608,609
2016-09-20,609,610,608,608
2016-09-21,604,604,596,597
2016-09-22,597,598,596,596
2016-09-23,596,603,596,603
2016-09-24,603,605,602,603
2016-09-25,603,603,600,601
2016-09-26,601,608,600,608
2016-09-27,608,608,604,606
2016-09-28,606,607,605,605
2016-09-29,605,607,605,606
2016-09-30,606,610,604,610
2016-10-01,610,615,610,614
2016-10-02,614,614,610,611
2016-10-03,611,613,610,612
2016-10-04,612,612,609,610
2016-10-05,610,614,610,613
2016-10-06,612,614,611,613
2016-10-07,613,618,612,617
2016-10-08,617,620,617,619
2016-10-09,619,619,617,617
2016-10-10,617,621,616,619
2016-10-11,619,642,619,641
2016-10-12,641,641,636,636
2016-10-13,636,639,635,637
2016-10-14,637,641,637,640
2016-10-15,640,642,637,639
2016-10-16,639,643,639,642
2016-10-17,642,642,639,639
2016-10-18,639,641,636,638
2016-10-19,638,639,628,631
2016-10-20,631,632,628,631
2016-10-21,631,634,631,633
2016-10-22,633,658,633,657
2016-10-23,658,661,654,657
2016-10-24,657,657,653,654
2016-10-25,654,664,654,658
2016-10-26,658,680,658,678
2016-10-27,678,689,678,688
2016-10-28,688,690,684,690
2016-10-29,690,720,690,714
2016-10-30,714,714,696,702
2016-10-31,703,709,692,701
2016-11-01,701,736,701,730
2016-11-02,730,741,722,741
2016-11-03,742,746,678,689
2016-11-04,689,707,686,703
2016-11-05,704,708,698,703
2016-11-06,704,714,700,712
2016-11-07,711,711,700,703
2016-11-08,703,713,702,710
2016-11-09,710,740,709,723
2016-11-10,723,723,711,716
2016-11-11,716,718,714,716
2016-11-12,717,717,704,705
2016-11-13,705,705,687,702
2016-11-14,702,706,700,705
2016-11-15,706,716,705,712
2016-11-16,711,748,709,744
2016-11-17,745,756,740,741
2016-11-18,741,753,737,752
2016-11-19,752,756,744,752
2016-11-20,752,755,718,731
2016-11-21,731,742,731,739
2016-11-22,740,754,737,751
2016-11-23,752,752,739,745
2016-11-24,745,747,733,740
2016-11-25,740,742,735,742
2016-11-26,742,742,730,735
2016-11-27,735,739,731,732
2016-11-28,732,738,732,736
2016-11-29,736,737,735,736
2016-11-30,736,748,736,746
2016-12-01,746,758,746,757
2016-12-02,758,781,758,778
2016-12-03,778,778,765,771
2016-12-04,772,774,768,774
2016-12-05,773,773,752,759
2016-12-06,759,766,759,764
2016-12-07,764,772,760,768
2016-12-08,768,775,766,771
2016-12-09,770,775,770,773
2016-12-10,773,777,773,775
2016-12-11,775,775,765,770
2016-12-12,770,782,770,780
2016-12-13,781,788,778,781
2016-12-14,780,782,777,781
2016-12-15,780,781,778,778
2016-12-16,779,785,779,785
2016-12-17,785,793,785,791
2016-12-18,791,795,788,791
2016-12-19,791,794,790,793
2016-12-20,792,801,791,801
2016-12-21,801,834,799,834
2016-12-22,834,876,834,865
2016-12-23,865,925,865,922
2016-12-24,922,923,886,899
2016-12-25,900,900,862,896
2016-12-26,897,913,897,908
2016-12-27,908,940,904,933
2016-12-28,935,976,935,976
2016-12-29,975,979,955,973
2016-12-30,973,973,935,961
2016-12-31,961,964,947,964
2017-01-01,964,1003,959,998
2017-01-02,999,1031,997,1022
2017-01-03,1022,1044,1022,1044
2017-01-04,1044,1159,1044,1155
2017-01-05,1157,1191,910,1013
2017-01-06,1014,1047,884,902
2017-01-07,903,909,824,909
2017-01-08,908,943,887,911
2017-01-09,913,914,880,903
2017-01-10,902,915,901,908
2017-01-11,908,919,763,778
2017-01-12,775,826,756,805
2017-01-13,804,829,780,824
2017-01-14,825,835,812,818
2017-01-15,818,823,813,822
2017-01-16,822,835,820,832
2017-01-17,831,911,831,908
2017-01-18,909,917,858,887
2017-01-19,888,905,884,899
2017-01-20,898,899,887,895
2017-01-21,896,927,896,922
2017-01-22,922,938,898,925
2017-01-23,925,928,917,921
2017-01-24,911,924,892,893
2017-01-25,892,903,892,902
2017-01-26,902,919,902,918
2017-01-27,918,923,916,920
2017-01-28,920,924,920,922
2017-01-29,922,923,919,919
2017-01-30,920,923,919,920
2017-01-31,921,972,921,970
2017-02-01,971,989,971,989
2017-02-02,990,1014,983,1012
2017-02-03,1011,1034,1009,1030
2017-02-04,1031,1046,1015,1043
2017-02-05,1044,1044,1022,1027
2017-02-06,1028,1045,1028,1038
2017-02-07,1040,1062,1040,1061
2017-02-08,1062,1079,1037,1063
2017-02-09,1065,1089,953,994
2017-02-10,996,999,947,989
2017-02-11,989,1009,983,1004
2017-02-12,1004,1005,997,999
2017-02-13,999,1002,976,991
2017-02-14,992,1012,986,1005
2017-02-15,1006,1009,1002,1007
2017-02-16,1008,1033,1008,1027
2017-02-17,1026,1053,1026,1046
2017-02-18,1049,1061,1047,1054
2017-02-19,1055,1057,1043,1048
2017-02-20,1049,1080,1042,1080
2017-02-21,1079,1117,1077,1115
2017-02-22,1115,1125,1101,1117
2017-02-23,1117,1177,1117,1167
2017-02-24,1173,1200,1132,1174
2017-02-25,1170,1175,1125,1144
2017-02-26,1144,1167,1130,1165
2017-02-27,1164,1182,1163,1180
2017-02-28,1181,1193,1172,1180
2017-03-01,1180,1223,1180,1223
2017-03-02,1225,1262,1216,1251
2017-03-03,1251,1280,1251,1275
2017-03-04,1277,1279,1231,1255
2017-03-05,1254,1267,1238,1267
2017-03-06,1267,1276,1265,1273
2017-03-07,1273,1276,1205,1224
2017-03-08,1223,1232,1148,1150
2017-03-09,1150,1197,1141,1188
2017-03-10,1189,1270,1077,1117
2017-03-11,1116,1194,1116,1176
2017-03-12,1177,1227,1175,1221
2017-03-13,1222,1237,1217,1232
2017-03-14,1232,1245,1221,1240
2017-03-15,1240,1252,1240,1250
2017-03-16,1251,1258,1152,1188
2017-03-17,1180,1180,1100,1100
2017-03-18,1100,1114,958,974
2017-03-19,977,1070,977,1037
2017-03-20,1037,1063,1037,1054
2017-03-21,1055,1122,1055,1121
2017-03-22,1121,1121,1014,1049
2017-03-23,1050,1058,1029,1039
2017-03-24,1038,1040,934,938
2017-03-25,937,976,904,973
2017-03-26,974,1008,954,967
2017-03-27,972,1046,972,1046
2017-03-28,1045,1065,1028,1047
2017-03-29,1046,1055,1016,1040
2017-03-30,1042,1049,1020,1026
2017-03-31,1027,1075,1027,1072
2017-04-01,1072,1092,1061,1081
2017-04-02,1081,1108,1075,1102
2017-04-03,1103,1152,1103,1144
2017-04-04,1146,1156,1121,1133
2017-04-05,1134,1135,1114,1125
2017-04-06,1126,1188,1126,1183
2017-04-07,1179,1187,1163,1177
2017-04-08,1173,1185,1163,1176
2017-04-09,1177,1197,1172,1188
2017-04-10,1187,1190,1179,1187
2017-04-11,1187,1208,1187,1205
2017-04-12,1205,1207,1197,1200
2017-04-13,1201,1206,1156,1169
2017-04-14,1170,1191,1160,1168
2017-04-15,1167,1188,1165,1173
2017-04-16,1173,1187,1173,1183
2017-04-17,1183,1195,1173,1194
2017-04-18,1194,1218,1194,1212
2017-04-19,1212,1216,1205,1210
2017-04-20,1211,1241,1208,1229
2017-04-21,1229,1236,1216,1222
2017-04-22,1223,1236,1208,1232
2017-04-23,1232,1232,1204,1207
2017-04-24,1210,1251,1210,1250
2017-04-25,1250,1268,1250,1265
2017-04-26,1266,1295,1266,1281
2017-04-27,1282,1320,1281,1318
2017-04-28,1318,1331,1292,1316
2017-04-29,1318,1327,1315,1322
2017-04-30,1322,1348,1315,1348
2017-05-01,1348,1434,1348,1422
2017-05-02,1421,1474,1416,1453
2017-05-03,1454,1493,1447,1490
2017-05-04,1491,1609,1491,1538
2017-05-05,1541,1618,1530,1555
2017-05-06,1557,1579,1543,1579
2017-05-07,1579,1597,1560,1597
2017-05-08,1597,1723,1597,1723
2017-05-09,1724,1833,1716,1755
2017-05-10,1757,1788,1719,1787
2017-05-11,1780,1874,1755,1849
2017-05-12,1846,1856,1694,1724
2017-05-13,1723,1813,1651,1805
2017-05-14,1801,1831,1777,1809
2017-05-15,1808,1813,1709,1738
2017-05-16,1742,1786,1687,1734
2017-05-17,1727,1864,1662,1839
2017-05-18,1819,1904,1807,1889
2017-05-19,1897,2005,1890,1988
2017-05-20,1984,2085,1975,2085
2017-05-21,2067,2119,2038,2041
2017-05-22,2043,2304,2018,2173
2017-05-23,2192,2321,2179,2320
2017-05-24,2321,2524,2321,2444
2017-05-25,2446,2764,2285,2305
2017-05-26,2321,2574,2072,2202
2017-05-27,2196,2260,1856,2039
2017-05-28,2054,2267,2054,2156
2017-05-29,2159,2307,2107,2256
2017-05-30,2255,2302,2125,2175
2017-05-31,2187,2311,2146,2286
2017-06-01,2288,2448,2288,2408
2017-06-02,2404,2489,2373,2489
2017-06-03,2494,2582,2424,2515
2017-06-04,2548,2586,2453,2512
2017-06-05,2512,2687,2510,2687
2017-06-06,2691,3000,2691,2863
2017-06-07,2869,2869,2701,2732
2017-06-08,2720,2815,2671,2806
2017-06-09,2807,2902,2796,2824
2017-06-10,2828,2951,2747,2948
2017-06-11,2942,2997,2841,2958
2017-06-12,2953,2997,2519,2660
2017-06-13,2681,2789,2650,2717
2017-06-14,2717,2787,2413,2506
2017-06-15,2500,2535,2213,2465
2017-06-16,2470,2540,2385,2519
2017-06-17,2514,2685,2485,2656
2017-06-18,2655,2662,2516,2548
2017-06-19,2549,2663,2549,2590
2017-06-20,2591,2763,2590,2722
2017-06-21,2709,2772,2660,2689
2017-06-22,2691,2724,2642,2705
2017-06-23,2707,2765,2706,2745
2017-06-24,2739,2758,2583,2609
2017-06-25,2607,2682,2552,2589
2017-06-26,2591,2615,2376,2478
2017-06-27,2478,2552,2333,2552
2017-06-28,2553,2604,2484,2575
2017-06-29,2568,2589,2510,2539
2017-06-30,2539,2559,2478,2481
2017-07-01,2493,2515,2419,2435
2017-07-02,2436,2514,2395,2506
2017-07-03,2499,2595,2480,2564
2017-07-04,2561,2632,2559,2602
2017-07-05,2603,2623,2539,2602
2017-07-06,2608,2617,2582,2609
2017-07-07,2609,2916,2499,2519
2017-07-08,2520,2571,2492,2571
2017-07-09,2573,2635,2518,2518
2017-07-10,2525,2537,2321,2373
2017-07-11,2386,2413,2297,2338
2017-07-12,2333,2424,2275,2399
2017-07-13,2403,2425,2341,2358
2017-07-14,2361,2363,2183,2233
2017-07-15,2230,2231,1990,1999
2017-07-16,1992,2059,1843,1930
2017-07-17,1933,2230,1933,2228
2017-07-18,2234,2388,2165,2319
2017-07-19,2323,2397,2260,2273
2017-07-20,2270,2901,2270,2818
2017-07-21,2838,2838,2622,2668
2017-07-22,2669,2862,2658,2810
2017-07-23,2808,2832,2654,2730
2017-07-24,2733,2777,2699,2755
2017-07-25,2758,2768,2481,2576
2017-07-26,2578,2611,2451,2529
2017-07-27,2539,2693,2529,2672
2017-07-28,2680,2897,2680,2809
2017-07-29,2807,2809,2693,2726
2017-07-30,2724,2759,2645,2757
2017-07-31,2763,2890,2721,2875
2017-08-01,2871,2921,2686,2718
2017-08-02,2727,2763,2669,2711
2017-08-03,2710,2813,2685,2805
2017-08-04,2807,2899,2744,2896
2017-08-05,2898,3290,2875,3253
2017-08-06,3258,3293,3156,3214
2017-08-07,3213,3398,3181,3379
2017-08-08,3370,3485,3346,3420
2017-08-09,3420,3423,3248,3342
2017-08-10,3342,3453,3319,3381
2017-08-11,3374,3680,3372,3651
2017-08-12,3651,3950,3614,3885
2017-08-13,3880,4208,3858,4073
2017-08-14,4066,4325,3989,4325
2017-08-15,4327,4456,3906,4182
2017-08-16,4200,4381,3994,4377
2017-08-17,4384,4485,4244,4332
2017-08-18,4324,4370,4015,4161
2017-08-19,4138,4243,3971,4194
2017-08-20,4189,4196,4070,4088
2017-08-21,4090,4109,3989,4002
2017-08-22,3998,4129,3675,4101
2017-08-23,4089,4256,4078,4152
2017-08-24,4138,4376,4130,4335
2017-08-25,4333,4456,4307,4372
2017-08-26,4372,4379,4270,4352
2017-08-27,4345,4417,4317,4383
2017-08-28,4384,4404,4225,4383
2017-08-29,4389,4626,4352,4579
2017-08-30,4570,4627,4471,4565
2017-08-31,4556,4736,4549,4703
2017-09-01,4702,4892,4679,4892
2017-09-02,4901,4975,4469,4579
2017-09-03,4585,4714,4418,4583
2017-09-04,4592,4592,4108,4236
2017-09-05,4228,4428,3998,4377
2017-09-06,4377,4617,4377,4597
2017-09-07,4589,4655,4491,4600
2017-09-08,4605,4661,4075,4229
2017-09-09,4230,4309,4114,4226
2017-09-10,4229,4245,3951,4123
2017-09-11,4122,4262,4099,4161
2017-09-12,4169,4345,4085,4131
2017-09-13,4132,4132,3790,3883
2017-09-14,3875,3921,3154,3155
2017-09-15,3166,3733,2947,3638
2017-09-16,3638,3809,3488,3625
2017-09-17,3606,3665,3446,3583
2017-09-18,3591,4079,3591,4065
2017-09-19,4074,4094,3869,3925
2017-09-20,3916,4031,3858,3906
2017-09-21,3901,3916,3614,3631
2017-09-22,3628,3758,3554,3631
2017-09-23,3630,3819,3595,3792
2017-09-24,3796,3796,3667,3683
2017-09-25,3682,3950,3682,3926
2017-09-26,3928,3970,3870,3892
2017-09-27,3893,4210,3885,4201
2017-09-28,4197,4279,4110,4175
2017-09-29,4172,4215,4039,4163
2017-09-30,4166,4358,4161,4339
2017-10-01,4341,4404,4270,4404
2017-10-02,4396,4470,4377,4409
2017-10-03,4408,4432,4259,4317
2017-10-04,4319,4352,4210,4229
2017-10-05,4230,4363,4164,4328
2017-10-06,4324,4413,4321,4371
2017-10-07,4369,4444,4321,4427
2017-10-08,4430,4624,4406,4610
2017-10-09,4615,4879,4564,4772
2017-10-10,4776,4922,4765,4782
2017-10-11,4789,4874,4752,4826
2017-10-12,4830,5447,4822,5447
2017-10-13,5464,5840,5437,5647
2017-10-14,5644,5838,5592,5832
2017-10-15,5836,5852,5479,5678
2017-10-16,5688,5776,5544,5726
2017-10-17,5742,5800,5473,5606
2017-10-18,5604,5604,5151,5591
2017-10-19,5584,5744,5531,5709
2017-10-20,5708,6060,5627,6011
2017-10-21,5997,6195,5965,6032
2017-10-22,6037,6076,5792,6008
2017-10-23,6006,6076,5732,5930
2017-10-24,5936,5936,5504,5527
2017-10-25,5525,5754,5398,5751
2017-10-26,5748,5977,5721,5905
2017-10-27,5900,5988,5729,5781
2017-10-28,5788,5877,5689,5753
2017-10-29,5754,6256,5725,6154
2017-10-30,6115,6215,6041,6131
2017-10-31,6132,6470,6103,6468
2017-11-01,6441,6767,6378,6767
2017-11-02,6778,7367,6759,7079
2017-11-03,7088,7461,7003,7208
2017-11-04,7164,7493,7031,7380
2017-11-05,7405,7617,7333,7407
2017-11-06,7403,7446,7007,7023
2017-11-07,7023,7253,7023,7144
2017-11-08,7141,7776,7114,7460
2017-11-09,7447,7447,7102,7144
2017-11-10,7174,7312,6437,6618
2017-11-11,6619,6873,6204,6358
2017-11-12,6295,6625,5519,5950
2017-11-13,5938,6811,5844,6559
2017-11-14,6561,6765,6462,6636
2017-11-15,6635,7342,6635,7316
2017-11-16,7323,7967,7177,7872
2017-11-17,7854,8005,7561,7709
2017-11-18,7697,7885,7463,7790
2017-11-19,7766,8102,7694,8036
2017-11-20,8039,8337,7949,8201
2017-11-21,8206,8349,7763,8071
2017-11-22,8078,8302,8075,8254
2017-11-23,8232,8267,8039,8039
2017-11-24,8074,8374,7941,8254
2017-11-25,8242,8791,8191,8791
2017-11-26,8789,9523,8776,9331
2017-11-27,9353,9818,9353,9818
2017-11-28,9823,10126,9736,10059
2017-11-29,10077,11517,9601,9889
2017-11-30,9907,10801,9202,10234
2017-12-01,10199,11047,9695,10976
2017-12-02,10978,11320,10905,11075
2017-12-03,11083,11859,10862,11323
2017-12-04,11315,11657,11082,11657
2017-12-05,11686,12032,11605,11917
2017-12-06,11923,14369,11923,14292
2017-12-07,14266,17900,14057,17900
2017-12-08,17803,18353,14337,16569
2017-12-09,16523,16783,13675,15178
2017-12-10,15168,15851,13227,15455
2017-12-11,15427,17514,15405,16937
2017-12-12,16920,17782,16572,17415
2017-12-13,17500,17653,16040,16408
2017-12-14,16385,17086,16186,16564
2017-12-15,16601,18154,16601,17707
2017-12-16,17760,19717,17515,19497
2017-12-17,19476,20089,18974,19141
2017-12-18,19106,19371,18356,19114
2017-12-19,19118,19178,17275,17777
2017-12-20,17760,17935,16078,16625
2017-12-21,16642,17568,15343,15803
2017-12-22,15898,15943,11833,13832
2017-12-23,13949,15603,13829,14699
2017-12-24,14608,14626,12748,13926
2017-12-25,13996,14593,13449,14027
2017-12-26,14037,16461,14029,16100
2017-12-27,16164,16931,15114,15839
2017-12-28,15864,15888,13937,14607
2017-12-29,14696,15279,14307,14656
2017-12-30,14682,14682,12350,12952
2017-12-31,12898,14377,12756,14156
2018-01-01,14112,14112,13155,13657
2018-01-02,13625,15445,13164,14982
2018-01-03,14978,15573,14845,15201
2018-01-04,15271,15740,14522,15599
2018-01-05,15477,17705,15203,17430
2018-01-06,17462,17712,16765,17527
2018-01-07,17527,17580,16088,16478
2018-01-08,16476,16538,14208,15170
2018-01-09,15124,15498,14424,14595
2018-01-10,14589,14973,13691,14973
2018-01-11,14968,15019,13106,13406
2018-01-12,13454,14230,13158,13981
2018-01-13,13952,14660,13952,14360
2018-01-14,14371,14512,13268,13772
2018-01-15,13767,14446,13642,13820
2018-01-16,13836,13843,10195,11491
2018-01-17,11431,11678,9402,11189
2018-01-18,11199,12107,10943,11475
2018-01-19,11430,11993,11172,11607
2018-01-20,11656,13103,11656,12899
2018-01-21,12889,12896,11288,11600
2018-01-22,11633,11966,10240,10931
2018-01-23,10945,11378,10130,10868
2018-01-24,10903,11501,10640,11359
2018-01-25,11422,11786,11057,11259
2018-01-26,11256,11657,10470,11171
2018-01-27,11175,11615,10989,11441
2018-01-28,11475,12040,11475,11786
2018-01-29,11756,11876,11179,11296
2018-01-30,11307,11307,10036,10106
2018-01-31,10108,10382,9777,10221
2018-02-01,10237,10289,8812,9171
2018-02-02,9142,9142,7796,8831
2018-02-03,8852,9431,8252,9175
2018-02-04,9176,9335,8031,8277
2018-02-05,8271,8365,6757,6955
2018-02-06,7052,7851,6048,7754
2018-02-07,7755,8509,7237,7621
2018-02-08,7638,8559,7638,8266
2018-02-09,8272,8737,7885,8737
2018-02-10,8720,9123,8295,8622
2018-02-11,8616,8616,7931,8130
2018-02-12,8141,8986,8141,8927
2018-02-13,8927,8958,8455,8598
2018-02-14,8600,9519,8600,9495
2018-02-15,9488,10235,9396,10166
2018-02-16,10136,10324,9825,10234
2018-02-17,10208,11140,10149,11113
2018-02-18,11123,11350,10326,10552
2018-02-19,10553,11274,10513,11225
2018-02-20,11232,11959,11232,11404
2018-02-21,11372,11419,10479,10690
2018-02-22,10660,11039,9939,10005
2018-02-23,9937,10487,9735,10301
2018-02-24,10288,10597,9547,9813
2018-02-25,9796,9923,9407,9665
2018-02-26,9669,10475,9502,10367
2018-02-27,10394,10879,10246,10726
2018-02-28,10687,11090,10393,10398
2018-03-01,10385,11052,10353,10951
2018-03-02,10977,11189,10850,11086
2018-03-03,11102,11528,11002,11490
2018-03-04,11497,11513,11136,11513
2018-03-05,11532,11704,11444,11573
2018-03-06,11500,11500,10694,10780
2018-03-07,10804,10930,9692,9966
2018-03-08,9951,10147,9336,9395
2018-03-09,9415,9466,8513,9338
2018-03-10,9351,9531,8828,8866
2018-03-11,8853,9712,8607,9579
2018-03-12,9603,9938,8956,9205
2018-03-13,9173,9470,8958,9195
2018-03-14,9215,9356,8069,8270
2018-03-15,8291,8428,7783,8301
2018-03-16,8323,8585,8005,8338
2018-03-17,8322,8347,7813,7917
2018-03-18,7891,8246,7398,8224
2018-03-19,8344,8676,8182,8631
2018-03-20,8620,9051,8390,8913
2018-03-21,8937,9177,8846,8929
2018-03-22,8939,9101,8565,8728
2018-03-23,8736,8880,8361,8880
2018-03-24,8902,8996,8666,8668
2018-03-25,8613,8682,8449,8496
2018-03-26,8498,8530,7921,8209
2018-03-27,8200,8233,7797,7833
2018-03-28,7837,8123,7809,7954
2018-03-29,7979,7994,7081,7166
2018-03-30,7171,7277,6684,6891
2018-03-31,6892,7208,6864,6974
2018-04-01,7003,7061,6527,6844
2018-04-02,6845,7135,6817,7084
2018-04-03,7102,7531,7072,7456
2018-04-04,7456,7470,6804,6854
2018-04-05,6849,6934,6645,6811
2018-04-06,6816,6857,6575,6636
2018-04-07,6631,7051,6631,6911
2018-04-08,6920,7112,6920,7024
2018-04-09,7044,7178,6662,6771
2018-04-10,6795,6872,6704,6835
2018-04-11,6843,6968,6818,6968
2018-04-12,6955,7899,6807,7889
2018-04-13,7901,8184,7759,7896
2018-04-14,7875,8141,7846,7986
2018-04-15,7999,8338,7999,8329
2018-04-16,8338,8371,7926,8059
2018-04-17,8072,8286,7882,7902
2018-04-18,7944,8198,7886,8163
2018-04-19,8159,8299,8139,8294
2018-04-20,8287,8880,8245,8846
2018-04-21,8849,8998,8652,8896
2018-04-22,8925,9002,8780,8802
2018-04-23,8794,8959,8789,8931
2018-04-24,8934,9733,8928,9698
2018-04-25,9701,9745,8800,8846
2018-04-26,8867,9282,8727,9282
2018-04-27,9291,9375,8987,8987
2018-04-28,8939,9412,8932,9348
2018-04-29,9346,9531,9194,9419
2018-04-30,9426,9477,9167,9241
2018-05-01,9251,9256,8891,9119
2018-05-02,9105,9257,9015,9236
2018-05-03,9234,9798,9188,9744
2018-05-04,9696,9779,9586,9701
2018-05-05,9700,9965,9695,9858
2018-05-06,9845,9940,9465,9655
2018-05-07,9646,9666,9232,9373
2018-05-08,9381,9463,9128,9235
2018-05-09,9224,9375,9032,9325
2018-05-10,9326,9396,9041,9044
2018-05-11,9053,9053,8394,8441
2018-05-12,8441,8665,8224,8505
2018-05-13,8515,8774,8395,8724
2018-05-14,8713,8881,8368,8717
2018-05-15,8705,8836,8456,8510
2018-05-16,8504,8508,8175,8369
2018-05-17,8370,8446,8054,8094
2018-05-18,8092,8274,7975,8251
2018-05-19,8256,8372,8183,8247
2018-05-20,8247,8562,8205,8513
2018-05-21,8522,8558,8365,8419
2018-05-22,8420,8423,8005,8042
2018-05-23,8037,8055,7508,7558
2018-05-24,7561,7739,7331,7587
2018-05-25,7592,7659,7393,7480
2018-05-26,7486,7595,7349,7356
2018-05-27,7362,7382,7271,7368
2018-05-28,7371,7419,7101,7136
2018-05-29,7129,7526,7091,7473
2018-05-30,7470,7574,7314,7407
2018-05-31,7406,7609,7361,7494
2018-06-01,7501,7605,7407,7541
2018-06-02,7537,7696,7497,7643
2018-06-03,7632,7755,7613,7720
2018-06-04,7723,7754,7474,7514
2018-06-05,7501,7643,7397,7634
2018-06-06,7626,7680,7502,7654
2018-06-07,7651,7741,7651,7678
2018-06-08,7685,7698,7558,7625
2018-06-09,7633,7684,7532,7532
2018-06-10,7500,7500,6709,6786
2018-06-11,6799,6910,6707,6907
2018-06-12,6906,6908,6542,6582
2018-06-13,6597,6632,6286,6350
2018-06-14,6343,6707,6334,6675
2018-06-15,6674,6681,6434,6457
2018-06-16,6455,6592,6402,6550
2018-06-17,6546,6589,6499,6499
2018-06-18,6510,6781,6447,6735
2018-06-19,6742,6823,6710,6770
2018-06-20,6771,6822,6612,6777
2018-06-21,6780,6811,6715,6730
2018-06-22,6738,6747,6007,6084
2018-06-23,6090,6225,6072,6162
2018-06-24,6164,6224,5826,6173
2018-06-25,6172,6327,6120,6249
2018-06-26,6254,6290,6094,6094
2018-06-27,6084,6180,6053,6157
2018-06-28,6153,6170,5873,5903
2018-06-29,5898,6262,5836,6218
2018-06-30,6214,6466,6214,6404
2018-07-01,6412,6433,6289,6386
2018-07-02,6380,6684,6306,6614
2018-07-03,6597,6671,6448,6530
2018-07-04,6551,6772,6450,6598
2018-07-05,6600,6750,6547,6639
2018-07-06,6639,6701,6534,6674
2018-07-07,6669,6864,6579,6857
2018-07-08,6858,6886,6748,6774
2018-07-09,6775,6839,6724,6742
2018-07-10,6739,6768,6321,6330
2018-07-11,6331,6445,6330,6395
2018-07-12,6397,6397,6136,6229
2018-07-13,6235,6311,6192,6238
2018-07-14,6248,6298,6212,6276
2018-07-15,6273,6403,6257,6360
2018-07-16,6357,6742,6357,6742
2018-07-17,6740,7387,6684,7321
2018-07-18,7315,7535,7280,7371
2018-07-19,7378,7494,7295,7467
2018-07-20,7467,7595,7323,7354
2018-07-21,7353,7438,7262,7419
2018-07-22,7418,7538,7384,7418
2018-07-23,7415,7772,7409,7711
2018-07-24,7717,8424,7706,8424
2018-07-25,8380,8417,8086,8181
2018-07-26,8177,8290,7879,7952
2018-07-27,7950,8263,7840,8165
2018-07-28,8169,8223,8111,8192
2018-07-29,8206,8272,8141,8218
2018-07-30,8222,8236,7918,8180
2018-07-31,8181,8182,7697,7780
2018-08-01,7769,7769,7505,7625
2018-08-02,7634,7713,7523,7567
2018-08-03,7562,7562,7329,7434
2018-08-04,7439,7497,6984,7033
2018-08-05,7031,7103,6941,7068
2018-08-06,7063,7167,6891,6952
2018-08-07,6958,7147,6748,6753
2018-08-08,6747,6747,6226,6306
2018-08-09,6306,6626,6249,6568
2018-08-10,6571,6591,6125,6185
2018-08-11,6186,6456,6109,6296
2018-08-12,6284,6410,6238,6323
2018-08-13,6341,6537,6226,6298
2018-08-14,6288,6288,5971,6200
2018-08-15,6221,6588,6221,6309
2018-08-16,6294,6474,6276,6335
2018-08-17,6341,6583,6325,6581
2018-08-18,6583,6617,6354,6424
2018-08-19,6423,6538,6362,6506
2018-08-20,6501,6537,6298,6309
2018-08-21,6301,6501,6298,6489
2018-08-22,6486,6817,6310,6377
2018-08-23,6371,6547,6371,6535
2018-08-24,6552,6720,6499,6720
2018-08-25,6720,6790,6701,6763
2018-08-26,6755,6775,6621,6707
2018-08-27,6711,6885,6690,6885
2018-08-28,6891,7110,6882,7096
2018-08-29,7092,7113,6971,7047
2018-08-30,7044,7073,6835,6978
2018-08-31,6974,7057,6920,7038
2018-09-01,7045,7242,7038,7193
2018-09-02,7190,7306,7132,7273
2018-09-03,7279,7318,7208,7260
2018-09-04,7263,7388,7255,7362
2018-09-05,7361,7388,6793,6793
2018-09-06,6755,6755,6405,6529
2018-09-07,6529,6555,6397,6467
2018-09-08,6460,6534,6198,6226
2018-09-09,6223,6446,6201,6301
2018-09-10,6302,6375,6293,6330
2018-09-11,6332,6399,6260,6321
2018-09-12,6317,6364,6265,6352
2018-09-13,6354,6535,6354,6517
2018-09-14,6515,6596,6456,6513
2018-09-15,6509,6562,6494,6543
2018-09-16,6537,6544,6460,6517
2018-09-17,6514,6540,6258,6281
2018-09-18,6281,6384,6266,6371
2018-09-19,6372,6448,6208,6399
2018-09-20,6399,6529,6396,6520
2018-09-21,6514,6794,6496,6735
2018-09-22,6735,6815,6617,6722
2018-09-23,6715,6766,6679,6711
2018-09-24,6705,6714,6581,6595
2018-09-25,6604,6604,6382,6446
2018-09-26,6453,6586,6398,6495
2018-09-27,6495,6712,6465,6677
2018-09-28,6679,6785,6598,6644
2018-09-29,6643,6643,6512,6602
2018-09-30,6605,6644,6567,6626
2018-10-01,6620,6653,6549,6590
2018-10-02,6593,6612,6538,6556
2018-10-03,6554,6571,6454,6503
2018-10-04,6498,6603,6498,6577
2018-10-05,6574,6624,6557,6622
2018-10-06,6622,6629,6578,6588
2018-10-07,6591,6641,6557,6603
2018-10-08,6600,6675,6576,6652
2018-10-09,6653,6661,6607,6643
2018-10-10,6640,6640,6539,6586
2018-10-11,6587,6587,6244,6256
2018-10-12,6239,6329,6236,6275
2018-10-13,6278,6309,6260,6286
2018-10-14,6288,6363,6280,6291
2018-10-15,6293,6965,6259,6597
2018-10-16,6601,6674,6571,6596
2018-10-17,6591,6601,6517,6544
2018-10-18,6542,6568,6450,6477
2018-10-19,6478,6494,6445,6465
2018-10-20,6461,6498,6449,6489
2018-10-21,6490,6556,6476,6482
2018-10-22,6486,6544,6463,6487
2018-10-23,6472,6506,6451,6476
2018-10-24,6479,6522,6469,6496
2018-10-25,6485,6505,6447,6476
2018-10-26,6468,6498,6450,6475
2018-10-27,6481,6507,6454,6480
2018-10-28,6483,6502,6448,6486
2018-10-29,6492,6504,6307,6333
2018-10-30,6337,6365,6310,6334
2018-10-31,6337,6349,6317,6318
2018-11-01,6318,6547,6312,6378
2018-11-02,6379,6397,6327,6388
2018-11-03,6387,6400,6342,6361
2018-11-04,6365,6389,6295,6376
2018-11-05,6364,6481,6364,6420
2018-11-06,6433,6464,6408,6461
2018-11-07,6469,6552,6468,6530
2018-11-08,6522,6537,6439,6454
2018-11-09,6443,6456,6373,6386
2018-11-10,6386,6437,6385,6409
2018-11-11,6414,6423,6350,6411
2018-11-12,6412,6434,6360,6371
2018-11-13,6373,6395,6343,6359
2018-11-14,6351,6372,5544,5738
2018-11-15,5736,5775,5358,5648
2018-11-16,5645,5657,5499,5576
2018-11-17,5579,5579,5520,5554
2018-11-18,5560,5654,5560,5624
2018-11-19,5621,5621,4843,4871
2018-11-20,4864,4952,4272,4452
2018-11-21,4466,4676,4344,4602
2018-11-22,4612,4630,4366,4366
2018-11-23,4361,4396,4196,4347
2018-11-24,4348,4413,3795,3881
2018-11-25,3881,4121,3585,4010
2018-11-26,4015,4107,3644,3779
2018-11-27,3766,3863,3661,3821
2018-11-28,3822,4386,3822,4257
2018-11-29,4269,4413,4146,4279
2018-11-30,4289,4323,3943,4017
2018-12-01,4024,4309,3970,4215
2018-12-02,4201,4302,4111,4140
2018-12-03,4147,4156,3840,3894
2018-12-04,3886,4076,3833,3957
2018-12-05,3959,3970,3754,3754
2018-12-06,3754,3875,3521,3521
2018-12-07,3513,3513,3280,3420
2018-12-08,3422,3506,3351,3476
2018-12-09,3473,3685,3469,3614
2018-12-10,3612,3647,3470,3503
2018-12-11,3498,3513,3392,3425
2018-12-12,3421,3534,3413,3487
2018-12-13,3488,3490,3298,3314
2018-12-14,3312,3330,3207,3242
2018-12-15,3244,3275,3191,3237
2018-12-16,3236,3306,3234,3253
2018-12-17,3253,3598,3253,3546
2018-12-18,3545,3701,3487,3696
2018-12-19,3707,3949,3687,3746
2018-12-20,3742,4191,3729,4134
2018-12-21,4134,4198,3851,3897
2018-12-22,3898,4014,3856,4014
2018-12-23,4021,4086,3976,3999
2018-12-24,4000,4272,4000,4079
2018-12-25,4081,4090,3760,3815
2018-12-26,3820,3893,3770,3857
2018-12-27,3855,3874,3645,3655
2018-12-28,3653,3956,3643,3924
2018-12-29,3932,3964,3820,3820
2018-12-30,3822,3902,3797,3866
2018-12-31,3867,3869,3726,3743
2019-01-01,3747,3851,3707,3844
2019-01-02,3849,3948,3817,3943
2019-01-03,3931,3936,3826,3837
2019-01-04,3832,3866,3784,3858
2019-01-05,3852,3905,3837,3845
2019-01-06,3837,4093,3827,4077
2019-01-07,4079,4093,4021,4025
2019-01-08,4028,4109,3997,4031
2019-01-09,4032,4068,4023,4035
2019-01-10,4034,4064,3659,3679
2019-01-11,3674,3714,3653,3687
2019-01-12,3687,3699,3654,3661
2019-01-13,3659,3675,3545,3553
2019-01-14,3557,3728,3552,3706
2019-01-15,3704,3720,3620,3631
2019-01-16,3632,3686,3625,3655
2019-01-17,3652,3680,3622,3679
2019-01-18,3678,3683,3637,3658
2019-01-19,3652,3759,3652,3729
2019-01-20,3725,3743,3583,3601
2019-01-21,3600,3609,3559,3576
2019-01-22,3575,3621,3540,3605
2019-01-23,3606,3623,3565,3585
2019-01-24,3585,3616,3569,3601
2019-01-25,3607,3613,3576,3600
2019-01-26,3600,3655,3593,3602
2019-01-27,3605,3613,3567,3584
2019-01-28,3584,3587,3439,3470
2019-01-29,3469,3476,3401,3448
2019-01-30,3444,3495,3429,3486
2019-01-31,3485,3505,3448,3458
2019-02-01,3461,3502,3432,3488
2019-02-02,3485,3523,3468,3521
2019-02-03,3516,3521,3448,3464
2019-02-04,3467,3476,3443,3459
2019-02-05,3455,3478,3452,3466
2019-02-06,3469,3469,3399,3414
2019-02-07,3415,3428,3394,3399
2019-02-08,3401,3696,3391,3667
2019-02-09,3672,3680,3647,3671
2019-02-10,3673,3695,3641,3690
2019-02-11,3696,3696,3642,3648
2019-02-12,3643,3669,3619,3654
2019-02-13,3654,3670,3617,3632
2019-02-14,3631,3646,3608,3617
2019-02-15,3617,3648,3608,3621
2019-02-16,3615,3653,3615,3630
2019-02-17,3633,3681,3619,3674
2019-02-18,3671,3937,3670,3916
2019-02-19,3912,4011,3908,3947
2019-02-20,3947,4000,3926,4000
2019-02-21,4000,4010,3940,3954
2019-02-22,3952,4007,3951,4006
2019-02-23,3999,4166,3969,4143
2019-02-24,4145,4211,3794,3810
2019-02-25,3807,3914,3807,3883
2019-02-26,3879,3892,3838,3854
2019-02-27,3857,3889,3787,3851
2019-02-28,3848,3906,3846,3855
2019-03-01,3854,3908,3852,3860
2019-03-02,3855,3875,3832,3864
2019-03-03,3862,3875,3837,3847
2019-03-04,3845,3867,3734,3762
2019-03-05,3760,3904,3745,3896
2019-03-06,3897,3920,3871,3904
2019-03-07,3903,3939,3894,3911
2019-03-08,3913,3950,3875,3901
2019-03-09,3895,3987,3892,3963
2019-03-10,3966,3966,3924,3952
2019-03-11,3954,3966,3889,3905
2019-03-12,3904,3927,3864,3909
2019-03-13,3913,3927,3892,3907
2019-03-14,3906,3947,3901,3924
2019-03-15,3927,3969,3914,3961
2019-03-16,3964,4077,3962,4049
2019-03-17,4048,4054,4006,4025
2019-03-18,4030,4072,4009,4033
2019-03-19,4033,4082,4024,4071
2019-03-20,4071,4089,4031,4087
2019-03-21,4084,4097,4005,4029
2019-03-22,4029,4054,4022,4024
2019-03-23,4023,4050,4016,4036
2019-03-24,4035,4041,4006,4022
2019-03-25,4024,4039,3934,3963
2019-03-26,3969,3985,3945,3985
2019-03-27,3984,4087,3978,4087
2019-03-28,4088,4095,4040,4069
2019-03-29,4068,4114,4034,4098
2019-03-30,4092,4297,4054,4107
2019-03-31,4105,4113,4094,4105
2019-04-01,4105,4165,4097,4158
2019-04-02,4157,4906,4155,4880
2019-04-03,4880,5307,4877,4973
2019-04-04,4971,5063,4837,4923
2019-04-05,4923,5054,4919,5037
2019-04-06,5037,5206,4992,5060
2019-04-07,5063,5235,5050,5199
2019-04-08,5200,5319,5148,5290
2019-04-09,5290,5290,5167,5205
2019-04-10,5204,5422,5193,5325
2019-04-11,5325,5354,5017,5064
2019-04-12,5061,5103,4956,5090
2019-04-13,5089,5127,5062,5097
2019-04-14,5096,5184,5054,5168
2019-04-15,5167,5197,5024,5067
2019-04-16,5067,5239,5055,5236
2019-04-17,5236,5274,5219,5252
2019-04-18,5251,5320,5251,5298
2019-04-19,5298,5337,5233,5304
2019-04-20,5304,5358,5296,5338
2019-04-21,5336,5360,5257,5315
2019-04-22,5312,5423,5280,5399
2019-04-23,5399,5634,5389,5572
2019-04-24,5572,5642,5418,5465
2019-04-25,5467,5542,5181,5211
2019-04-26,5210,5384,5177,5279
2019-04-27,5279,5311,5234,5268
2019-04-28,5272,5326,5256,5285
2019-04-29,5285,5311,5216,5247
2019-04-30,5248,5363,5224,5351
2019-05-01,5351,5418,5348,5403
2019-05-02,5402,5522,5394,5505
2019-05-03,5506,5866,5490,5768
2019-05-04,5769,5887,5645,5831
2019-05-05,5831,5834,5708,5796
2019-05-06,5792,5803,5654,5747
2019-05-07,5746,5988,5741,5830
2019-05-08,5849,5990,5795,5982
2019-05-09,5982,6183,5982,6175
2019-05-10,6176,6435,6162,6379
2019-05-11,6380,7333,6376,7205
2019-05-12,7204,7504,6816,6972
2019-05-13,6971,8047,6898,7815
2019-05-14,7808,8269,7696,7994
2019-05-15,7989,8216,7899,8205
2019-05-16,8195,8321,7730,7885
2019-05-17,7887,7929,7038,7344
2019-05-18,7342,7447,7252,7271
2019-05-19,7268,8262,7268,8198
2019-05-20,8197,8201,7679,7978
2019-05-21,7978,8062,7843,7963
2019-05-22,7956,7998,7616,7680
2019-05-23,7677,7944,7533,7882
2019-05-24,7882,8141,7824,7987
2019-05-25,7992,8118,7966,8053
2019-05-26,8055,8688,7925,8673
2019-05-27,8674,8907,8669,8806
2019-05-28,8803,8807,8635,8720
2019-05-29,8719,8756,8483,8659
2019-05-30,8662,9008,8221,8319
2019-05-31,8320,8587,8173,8575
2019-06-01,8574,8626,8482,8564
2019-06-02,8565,8809,8561,8743
2019-06-03,8742,8744,8204,8209
2019-06-04,8211,8211,7564,7708
2019-06-05,7704,7902,7669,7824
2019-06-06,7820,7937,7571,7822
2019-06-07,7827,8126,7788,8044
2019-06-08,8037,8077,7838,7954
2019-06-09,7950,7976,7583,7688
2019-06-10,7692,8032,7587,8000
2019-06-11,8004,8026,7773,7928
2019-06-12,7925,8197,7862,8146
2019-06-13,8146,8312,8087,8231
2019-06-14,8231,8711,8183,8694
2019-06-15,8690,8859,8618,8838
2019-06-16,8841,9336,8815,8994
2019-06-17,8989,9416,8989,9320
2019-06-18,9335,9348,9005,9082
2019-06-19,9079,9300,9070,9274
2019-06-20,9273,9594,9232,9527
2019-06-21,9525,10145,9525,10145
2019-06-22,10176,11157,10107,10702
2019-06-23,10697,11246,10556,10855
2019-06-24,10854,11066,10610,11011
2019-06-25,11007,11791,11007,11791
2019-06-26,11779,13796,11756,13016
2019-06-27,13017,13311,10492,11183
2019-06-28,11162,12445,10914,12407
2019-06-29,12401,12401,11508,11959
2019-06-30,11932,12178,10799,10817
2019-07-01,10797,11206,10089,10583
2019-07-02,10589,10912,9738,10802
2019-07-03,10818,11968,10818,11961
2019-07-04,11973,12006,11167,11215
2019-07-05,11203,11396,10875,10978
2019-07-06,10983,11621,10983,11209
2019-07-07,11218,11542,11149,11451
2019-07-08,11447,12346,11393,12286
2019-07-09,12284,12779,12233,12574
2019-07-10,12572,13130,11711,12157
2019-07-11,12140,12145,11159,11359
2019-07-12,11354,11905,11179,11816
2019-07-13,11813,11842,10908,11392
2019-07-14,11381,11451,10235,10256
2019-07-15,10258,11053,9992,10895
2019-07-16,10897,10997,9448,9478
2019-07-17,9471,9963,9163,9694
2019-07-18,9699,10737,9377,10666
2019-07-19,10654,10717,10230,10531
2019-07-20,10526,11049,10451,10767
2019-07-21,10778,10842,10390,10599
2019-07-22,10597,10652,10155,10343
2019-07-23,10347,10347,9884,9901
2019-07-24,9888,9909,9614,9812
2019-07-25,9809,10154,9774,9912
2019-07-26,9913,9917,9718,9870
2019-07-27,9871,10167,9412,9478
2019-07-28,9492,9576,9252,9553
2019-07-29,9548,9682,9473,9519
2019-07-30,9522,9702,9437,9607
2019-07-31,9604,10086,9598,10086
2019-08-01,10077,10447,9922,10400
2019-08-02,10402,10658,10371,10518
2019-08-03,10519,10947,10504,10822
2019-08-04,10822,11009,10620,10970
2019-08-05,10961,11895,10961,11806
2019-08-06,11812,12274,11291,11478
2019-08-07,11476,12037,11434,11942
2019-08-08,11954,11979,11556,11966
2019-08-09,11953,11970,11710,11863
2019-08-10,11862,11916,11324,11354
2019-08-11,11350,11524,11248,11524
2019-08-12,11528,11528,11321,11383
2019-08-13,11385,11420,10830,10896
2019-08-14,10889,10890,10028,10052
2019-08-15,10038,10437,9675,10312
2019-08-16,10319,10524,9855,10374
2019-08-17,10359,10453,10087,10232
2019-08-18,10233,10487,10119,10346
2019-08-19,10350,10916,10313,10916
2019-08-20,10916,10947,10619,10763
2019-08-21,10765,10799,9963,10138
2019-08-22,10143,10233,9831,10131
2019-08-23,10136,10442,10078,10408
2019-08-24,10408,10418,9982,10160
2019-08-25,10161,10305,10009,10139
2019-08-26,10126,10512,10126,10371
2019-08-27,10373,10381,10087,10186
2019-08-28,10203,10279,9717,9754
2019-08-29,9757,9757,9422,9510
2019-08-30,9515,9656,9428,9598
2019-08-31,9598,9673,9532,9631
2019-09-01,9631,9797,9583,9758
2019-09-02,9757,10397,9731,10347
2019-09-03,10346,10736,10309,10624
2019-09-04,10621,10763,10435,10594
2019-09-05,10588,10627,10516,10576
2019-09-06,10578,10899,10292,10353
2019-09-07,10354,10559,10349,10517
2019-09-08,10518,10596,10409,10441
2019-09-09,10443,10450,10145,10335
2019-09-10,10336,10394,10021,10116
2019-09-11,10123,10216,9981,10178
2019-09-12,10177,10442,10099,10410
2019-09-13,10415,10441,10227,10361
2019-09-14,10345,10422,10292,10358
2019-09-15,10356,10387,10313,10348
2019-09-16,10347,10387,10190,10277
2019-09-17,10282,10297,10200,10241
2019-09-18,10248,10276,10191,10198
2019-09-19,10200,10296,9852,10266
2019-09-20,10266,10286,10132,10182
2019-09-21,10184,10188,10001,10020
2019-09-22,10024,10074,9923,10070
2019-09-23,10068,10074,9727,9729
2019-09-24,9729,9804,8371,8621
2019-09-25,8603,8745,8325,8487
2019-09-26,8488,8516,7896,8119
2019-09-27,8113,8272,7966,8252
2019-09-28,8251,8286,8125,8246
2019-09-29,8246,8262,7990,8104
2019-09-30,8104,8314,7831,8294
2019-10-01,8300,8498,8233,8343
2019-10-02,8344,8393,8228,8393
2019-10-03,8391,8414,8146,8260
2019-10-04,8259,8260,8151,8206
2019-10-05,8210,8216,8071,8152
2019-10-06,8150,8161,7959,7988
2019-10-07,7989,8308,7906,8246
2019-10-08,8247,8333,8186,8229
2019-10-09,8230,8628,8169,8596
2019-10-10,8585,8625,8472,8586
2019-10-11,8585,8722,8316,8322
2019-10-12,8316,8415,8313,8337
2019-10-13,8337,8471,8277,8321
2019-10-14,8321,8390,8284,8375
2019-10-15,8373,8411,8183,8205
2019-10-16,8205,8217,7985,8048
2019-10-17,8048,8135,8001,8104
2019-10-18,8101,8138,7902,7973
2019-10-19,7974,8083,7945,7989
2019-10-20,7998,8282,7949,8222
2019-10-21,8225,8297,8196,8244
2019-10-22,8243,8297,8074,8078
2019-10-23,8076,8093,7469,7515
2019-10-24,7510,7533,7447,7493
2019-10-25,7491,8692,7480,8661
2019-10-26,8668,10022,8663,9245
2019-10-27,9242,9750,9113,9552
2019-10-28,9565,9805,9256,9256
2019-10-29,9248,9516,9233,9428
2019-10-30,9422,9427,9085,9206
2019-10-31,9202,9383,9029,9200
2019-11-01,9194,9276,9132,9261
2019-11-02,9260,9377,9250,9325
2019-11-03,9325,9380,9141,9235
2019-11-04,9236,9505,9191,9413
2019-11-05,9413,9457,9257,9343
2019-11-06,9341,9423,9306,9361
2019-11-07,9352,9368,9202,9268
2019-11-08,9265,9273,8776,8805
2019-11-09,8809,8892,8793,8814
2019-11-10,8812,9104,8806,9056
2019-11-11,9057,9081,8701,8758
2019-11-12,8760,8854,8685,8816
2019-11-13,8812,8837,8762,8808
2019-11-14,8812,8827,8693,8708
2019-11-15,8706,8731,8485,8492
2019-11-16,8491,8592,8474,8551
2019-11-17,8549,8728,8501,8578
2019-11-18,8574,8653,8274,8309
2019-11-19,8305,8409,8100,8206
2019-11-20,8204,8237,8011,8027
2019-11-21,8024,8110,7597,7643
2019-11-22,7644,7697,6937,7297
2019-11-23,7296,7442,7151,7398
2019-11-24,7399,7409,7029,7048
2019-11-25,7040,7320,6617,7146
2019-11-26,7145,7320,7099,7218
2019-11-27,7221,7620,6974,7532
2019-11-28,7537,7730,7454,7463
2019-11-29,7467,7781,7461,7761
2019-11-30,7764,7836,7516,7570
2019-12-01,7572,7572,7291,7424
2019-12-02,7424,7475,7233,7322
2019-12-03,7324,7419,7229,7320
2019-12-04,7320,7540,7171,7252
2019-12-05,7253,7743,7233,7448
2019-12-06,7451,7547,7392,7547
2019-12-07,7547,7590,7526,7556
2019-12-08,7551,7635,7476,7564
2019-12-09,7562,7618,7366,7401
2019-12-10,7397,7424,7246,7278
2019-12-11,7277,7324,7196,7217
2019-12-12,7217,7267,7165,7243
2019-12-13,7245,7294,7227,7270
2019-12-14,7269,7309,7097,7125
2019-12-15,7124,7181,6924,7152
2019-12-16,7154,7171,6904,6932
2019-12-17,6931,6964,6588,6641
2019-12-18,6648,7325,6540,7277
2019-12-19,7278,7347,7041,7203
2019-12-20,7209,7258,7086,7219
2019-12-21,7221,7223,7113,7191
2019-12-22,7191,7518,7167,7512
2019-12-23,7509,7656,7326,7356
2019-12-24,7354,7536,7270,7323
2019-12-25,7326,7357,7221,7275
2019-12-26,7275,7388,7200,7239
2019-12-27,7238,7364,7190,7290
2019-12-28,7289,7399,7287,7318
2019-12-29,7318,7514,7280,7423
2019-12-30,7420,7455,7276,7293
2019-12-31,7294,7335,7170,7194
2020-01-01,7195,7254,7175,7200
2020-01-02,7203,7212,6935,6985
2020-01-03,6984,7414,6915,7345
2020-01-04,7345,7427,7310,7411
2020-01-05,7410,7544,7401,7411
2020-01-06,7410,7782,7409,7769
2020-01-07,7769,8178,7768,8164
2020-01-08,8162,8397,7957,8080
2020-01-09,8082,8082,7842,7879
2020-01-10,7878,8167,7727,8167
2020-01-11,8162,8218,8030,8038
2020-01-12,8033,8200,8009,8192
2020-01-13,8190,8198,8080,8144
2020-01-14,8141,8880,8141,8828
2020-01-15,8825,8890,8657,8807
2020-01-16,8812,8846,8612,8724
2020-01-17,8725,8958,8677,8929
2020-01-18,8927,9012,8827,8943
2020-01-19,8941,9164,8620,8706
2020-01-20,8705,8746,8560,8658
2020-01-21,8659,8756,8545,8746
2020-01-22,8744,8793,8637,8681
2020-01-23,8681,8688,8334,8407
2020-01-24,8406,8515,8267,8445
2020-01-25,8440,8458,8296,8368
2020-01-26,8364,8602,8325,8597
2020-01-27,8597,8978,8597,8910
2020-01-28,8913,9359,8908,9359
2020-01-29,9357,9406,9269,9317
2020-01-30,9316,9553,9231,9509
2020-01-31,9508,9522,9231,9351
2020-02-01,9346,9439,9313,9393
2020-02-02,9390,9469,9218,9344
2020-02-03,9345,9540,9249,9294
2020-02-04,9293,9331,9113,9181
2020-02-05,9183,9701,9164,9613
2020-02-06,9618,9825,9540,9730
2020-02-07,9726,9835,9726,9796
2020-02-08,9793,9877,9679,9865
2020-02-09,9864,10129,9850,10117
2020-02-10,10116,10166,9785,9857
2020-02-11,9856,10210,9729,10208
2020-02-12,10202,10394,10202,10326
2020-02-13,10324,10458,10116,10214
2020-02-14,10212,10322,10126,10312
2020-02-15,10314,10342,9874,9889
2020-02-16,9889,10054,9722,9934
2020-02-17,9937,9939,9508,9690
2020-02-18,9691,10162,9632,10142
2020-02-19,10144,10192,9611,9633
2020-02-20,9629,9643,9508,9608
2020-02-21,9612,9723,9590,9686
2020-02-22,9688,9698,9601,9663
2020-02-23,9663,9937,9658,9925
2020-02-24,9922,9952,9537,9650
2020-02-25,9651,9653,9305,9342
2020-02-26,9338,9355,8704,8821
2020-02-27,8825,8933,8577,8784
2020-02-28,8789,8890,8493,8672
2020-02-29,8671,8776,8600,8600
2020-03-01,8600,8727,8471,8562
2020-03-02,8563,8921,8533,8870
2020-03-03,8865,8902,8705,8788
2020-03-04,8789,8843,8712,8755
2020-03-05,8760,9142,8757,9079
2020-03-06,9078,9168,9032,9123
2020-03-07,9122,9163,8891,8910
2020-03-08,8908,8914,8105,8108
2020-03-09,8111,8178,7690,7924
2020-03-10,7922,8137,7815,7910
2020-03-11,7910,7951,7643,7911
2020-03-12,7914,7929,4860,4971
2020-03-13,5018,5838,4107,5564
2020-03-14,5573,5625,5125,5200
2020-03-15,5201,5837,5169,5392
2020-03-16,5385,5385,4575,5014
2020-03-17,5003,5371,4982,5226
2020-03-18,5227,5332,5069,5238
2020-03-19,5245,6330,5237,6191
2020-03-20,6192,6844,5866,6199
2020-03-21,6207,6378,5933,6185
2020-03-22,6186,6360,5824,5830
2020-03-23,5831,6444,5785,6416
2020-03-24,6437,6789,6411,6735
2020-03-25,6739,6893,6537,6681
2020-03-26,6675,6735,6591,6716
2020-03-27,6719,6794,6467,6470
2020-03-28,6467,6468,6118,6242
2020-03-29,6246,6250,5920,5922
2020-03-30,5926,6517,5903,6430
2020-03-31,6431,6505,6374,6439
2020-04-01,6437,6613,6202,6607
2020-04-02,6607,7088,6596,6794
2020-04-03,6797,7003,6673,6733
2020-04-04,6738,6879,6696,6868
2020-04-05,6863,6883,6716,6791
2020-04-06,6788,7272,6783,7272
2020-04-07,7274,7428,7137,7176
2020-04-08,7179,7356,7153,7334
2020-04-09,7338,7341,7179,7302
2020-04-10,7304,7304,6802,6865
2020-04-11,6867,6926,6790,6859
2020-04-12,6858,7120,6811,6971
2020-04-13,6966,6966,6668,6845
2020-04-14,6843,6959,6794,6842
2020-04-15,6846,6929,6633,6642
2020-04-16,6640,7134,6556,7117
2020-04-17,7117,7167,7050,7096
2020-04-18,7092,7270,7089,7258
2020-04-19,7261,7281,7167,7189
2020-04-20,7187,7240,6836,6882
2020-04-21,6880,6935,6834,6880
2020-04-22,6879,7146,6868,7117
2020-04-23,7121,7492,7082,7430
2020-04-24,7434,7574,7434,7551
2020-04-25,7550,7641,7522,7570
2020-04-26,7570,7701,7561,7680
2020-04-27,7679,7796,7679,7796
2020-04-28,7797,7815,7731,7807
2020-04-29,7807,8872,7786,8801
2020-04-30,8798,9441,8533,8659
2020-05-01,8673,9048,8668,8865
2020-05-02,8869,9007,8811,8989
2020-05-03,8984,9168,8831,8897
2020-05-04,8896,8957,8645,8913
2020-05-05,8913,9062,8857,9003
2020-05-06,9007,9411,8967,9269
2020-05-07,9262,9993,9138,9952
2020-05-08,9936,9997,9767,9843
2020-05-09,9841,9914,9581,9594
2020-05-10,9591,9596,8395,8756
2020-05-11,8756,9033,8374,8602
2020-05-12,8610,8950,8570,8804
2020-05-13,8805,9318,8805,9270
2020-05-14,9271,9793,9255,9734
2020-05-15,9734,9756,9261,9328
2020-05-16,9333,9564,9261,9377
2020-05-17,9375,9823,9350,9671
2020-05-18,9676,9906,9570,9727
2020-05-19,9727,9836,9540,9729
2020-05-20,9725,9805,9447,9523
2020-05-21,9523,9555,8870,9082
2020-05-22,9080,9233,9009,9183
2020-05-23,9185,9303,9118,9209
2020-05-24,9212,9288,8787,8790
2020-05-25,8786,8951,8720,8907
2020-05-26,8910,8992,8757,8835
2020-05-27,8837,9203,8834,9181
2020-05-28,9185,9546,9148,9526
2020-05-29,9528,9574,9379,9439
2020-05-30,9439,9704,9367,9700
2020-05-31,9700,9700,9432,9461
2020-06-01,9464,10200,9451,10167
2020-06-02,10163,10182,9461,9530
2020-06-03,9534,9683,9472,9657
2020-06-04,9656,9888,9525,9801
2020-06-05,9800,9869,9663,9666
2020-06-06,9665,9773,9591,9654
2020-06-07,9653,9768,9458,9759
2020-06-08,9760,9782,9676,9771
2020-06-09,9774,9836,9665,9796
2020-06-10,9794,9909,9728,9870
2020-06-11,9870,9938,9263,9322
2020-06-12,9321,9540,9286,9481
2020-06-13,9481,9493,9396,9475
2020-06-14,9478,9482,9348,9387
2020-06-15,9386,9505,8990,9451
2020-06-16,9454,9579,9400,9538
2020-06-17,9534,9540,9327,9480
2020-06-18,9482,9483,9328,9412
2020-06-19,9410,9441,9274,9288
2020-06-20,9291,9395,9247,9332
2020-06-21,9331,9401,9300,9304
2020-06-22,9301,9655,9297,9649
2020-06-23,9644,9671,9547,9630
2020-06-24,9632,9680,9278,9314
2020-06-25,9314,9340,9095,9265
2020-06-26,9261,9311,9102,9163
2020-06-27,9168,9208,8998,9045
2020-06-28,9048,9198,8976,9144
2020-06-29,9140,9238,9042,9191
2020-06-30,9186,9218,9085,9138
2020-07-01,9146,9310,9105,9228
2020-07-02,9231,9275,9037,9123
2020-07-03,9125,9202,9059,9087
2020-07-04,9084,9183,9054,9132
2020-07-05,9126,9162,8977,9074
2020-07-06,9073,9375,9059,9375
2020-07-07,9349,9361,9202,9252
2020-07-08,9253,9450,9250,9428
2020-07-09,9428,9431,9235,9278
2020-07-10,9273,9287,9118,9279
2020-07-11,9278,9294,9199,9240
2020-07-12,9241,9319,9197,9277
2020-07-13,9277,9306,9224,9244
2020-07-14,9239,9284,9172,9243
2020-07-15,9242,9275,9172,9193
2020-07-16,9192,9214,9089,9132
2020-07-17,9132,9182,9089,9151
2020-07-18,9151,9231,9101,9159
2020-07-19,9158,9201,9098,9186
2020-07-20,9187,9214,9138,9164
2020-07-21,9163,9407,9149,9375
2020-07-22,9375,9531,9320,9525
2020-07-23,9527,9610,9483,9581
2020-07-24,9586,9623,9481,9537
2020-07-25,9539,9705,9530,9677
2020-07-26,9680,10024,9653,9905
2020-07-27,9905,11298,9904,10991
2020-07-28,11017,11204,10633,10913
2020-07-29,10913,11304,10856,11100
2020-07-30,11100,11169,10895,11111
2020-07-31,11110,11416,10987,11323
2020-08-01,11323,11795,11240,11760
2020-08-02,11759,12034,11018,11054
2020-08-03,11044,11453,11012,11246
2020-08-04,11246,11385,11094,11206
2020-08-05,11204,11787,11158,11747
2020-08-06,11750,11902,11599,11780
2020-08-07,11779,11898,11409,11601
2020-08-08,11605,11800,11558,11754
2020-08-09,11737,11806,11549,11676
2020-08-10,11662,12045,11662,11878
2020-08-11,11882,11933,11196,11411
2020-08-12,11405,11748,11250,11585
2020-08-13,11588,11796,11217,11784
2020-08-14,11773,12151,11685,11769
2020-08-15,11769,11963,11769,11866
2020-08-16,11867,11935,11737,11893
2020-08-17,11896,12359,11807,12254
2020-08-18,12252,12336,11955,11991
2020-08-19,11991,12029,11687,11758
2020-08-20,11762,11900,11710,11878
2020-08-21,11878,11899,11565,11592
2020-08-22,11585,11689,11449,11682
2020-08-23,11680,11713,11560,11665
2020-08-24,11664,11808,11623,11775
2020-08-25,11774,11778,11190,11366
2020-08-26,11367,11530,11297,11488
2020-08-27,11486,11571,11186,11323
2020-08-28,11325,11546,11316,11543
2020-08-29,11541,11586,11466,11507
2020-08-30,11509,11715,11492,11712
2020-08-31,11713,11769,11598,11681
2020-09-01,11679,12067,11601,11970
2020-09-02,11965,11965,11291,11414
2020-09-03,11407,11443,10182,10245
2020-09-04,10230,10664,10208,10512
2020-09-05,10513,10582,9947,10170
2020-09-06,10167,10354,10057,10280
2020-09-07,10281,10399,9916,10370
2020-09-08,10369,10415,9945,10132
2020-09-09,10134,10351,10017,10242
2020-09-10,10242,10504,10238,10363
2020-09-11,10369,10435,10141,10401
2020-09-12,10410,10579,10292,10442
2020-09-13,10452,10577,10224,10324
2020-09-14,10329,10800,10266,10681
2020-09-15,10678,10939,10656,10797
2020-09-16,10798,11100,10705,10975
2020-09-17,10973,11037,10775,10949
2020-09-18,10952,11035,10830,10945
2020-09-19,10934,11134,10910,11094
2020-09-20,11096,11096,10814,10938
2020-09-21,10935,10988,10380,10462
2020-09-22,10460,10568,10383,10538
2020-09-23,10535,10538,10198,10246
2020-09-24,10249,10771,10231,10760
2020-09-25,10761,10778,10579,10693
2020-09-26,10696,10773,10667,10751
2020-09-27,10747,10804,10623,10775
2020-09-28,10777,10945,10704,10710
2020-09-29,10710,10860,10649,10845
2020-09-30,10844,10847,10669,10784
2020-10-01,10795,10934,10472,10619
2020-10-02,10620,10658,10417,10576
2020-10-03,10575,10599,10511,10549
2020-10-04,10550,10686,10534,10670
2020-10-05,10677,10794,10635,10793
2020-10-06,10796,10798,10529,10604
2020-10-07,10603,10681,10563,10669
2020-10-08,10669,10946,10563,10916
2020-10-09,10928,11103,10847,11064
2020-10-10,11059,11442,11057,11296
2020-10-11,11296,11429,11289,11384
2020-10-12,11393,11698,11241,11555
2020-10-13,11549,11549,11321,11426
2020-10-14,11429,11540,11308,11430
2020-10-15,11427,11570,11304,11495
2020-10-16,11503,11540,11223,11322
2020-10-17,11322,11386,11285,11358
2020-10-18,11356,11483,11348,11483
2020-10-19,11495,11799,11408,11742
2020-10-20,11746,12000,11681,11916
2020-10-21,11913,13185,11901,12824
2020-10-22,12802,13162,12717,12966
2020-10-23,12972,13016,12753,12932
2020-10-24,12932,13145,12886,13108
2020-10-25,13108,13329,12910,13031
2020-10-26,13031,13225,12822,13075
2020-10-27,13075,13760,13061,13654
2020-10-28,13654,13838,12932,13271
2020-10-29,13271,13612,12980,13438
2020-10-30,13438,13652,13136,13547
2020-10-31,13547,14028,13458,13781
2020-11-01,13781,13862,13628,13737
2020-11-02,13737,13808,13243,13550
2020-11-03,13550,13985,13325,13950
2020-11-04,13950,14219,13580,14134
2020-11-05,14134,15706,14102,15580
2020-11-06,15580,15903,15227,15566
2020-11-07,15566,15737,14423,14834
2020-11-08,14834,15637,14744,15480
2020-11-09,15480,15785,14866,15332
2020-11-10,15332,15450,15125,15291
2020-11-11,15291,15916,15290,15701
2020-11-12,15701,16305,15535,16276
2020-11-13,16276,16463,15992,16318
2020-11-14,16318,16318,15749,16068
2020-11-15,16068,16123,15794,15956
2020-11-16,15956,16816,15881,16716
2020-11-17,16686,17783,16565,17645
2020-11-18,17645,18394,17353,17804
2020-11-19,17804,18120,17383,17817
2020-11-20,17817,18773,17766,18621
2020-11-21,18621,18937,18444,18642
2020-11-22,18642,18689,17671,18370
2020-11-23,18370,18711,18001,18364
2020-11-24,18365,19348,18129,19107
2020-11-25,19104,19391,18581,18732
2020-11-26,18730,18866,16351,17151
2020-11-27,17154,17445,16526,17108
2020-11-28,17113,17854,16911,17717
2020-11-29,17720,18284,17559,18177
2020-11-30,18178,19749,18178,19626
2020-12-01,19634,19846,18322,18803
2020-12-02,18802,19308,18348,19201
2020-12-03,19206,19566,18926,19445
2020-12-04,19447,19511,18697,18700
2020-12-05,18698,19160,18590,19154
2020-12-06,19154,19391,18898,19345
2020-12-07,19343,19412,18931,19192
2020-12-08,19192,19283,18270,18321
2020-12-09,18321,18626,17936,18554
2020-12-10,18553,18553,17957,18265
2020-12-11,18264,18268,17620,18059
2020-12-12,18051,18920,18046,18804
2020-12-13,18807,19382,18734,19142
2020-12-14,19144,19305,19013,19247
2020-12-15,19247,19525,19080,19417
2020-12-16,19419,21459,19298,21311
2020-12-17,21308,23643,21235,22805
2020-12-18,22807,23239,22400,23138
2020-12-19,23133,24086,22826,23870
2020-12-20,23862,24210,23148,23477
2020-12-21,23474,24060,22159,22803
2020-12-22,22794,23790,22431,23783
2020-12-23,23782,24024,22803,23241
2020-12-24,23240,23768,22778,23736
2020-12-25,23734,24710,23464,24665
2020-12-26,24677,26718,24523,26437
2020-12-27,26439,28289,25923,26272
2020-12-28,26281,27389,26208,27085
2020-12-29,27082,27371,25987,27362
2020-12-30,27360,28938,27360,28841
2020-12-31,28842,29245,28202,29002
2021-01-01,28994,29601,28804,29374
2021-01-02,29376,33155,29091,32127
2021-01-03,32129,34609,32052,32782
2021-01-04,32811,33440,28723,31972
2021-01-05,31977,34438,30221,33992
2021-01-06,34014,36880,33514,36824
2021-01-07,36834,40180,36491,39371
2021-01-08,39382,41947,36839,40798
2021-01-09,40789,41436,38981,40255
2021-01-10,40254,41420,35985,38356
2021-01-11,38347,38347,30550,35567
2021-01-12,35516,36569,32698,33923
2021-01-13,33915,37600,32585,37316
2021-01-14,37325,39966,36869,39187
2021-01-15,39157,39578,34660,36825
2021-01-16,36822,37864,35634,36178
2021-01-17,36164,36722,34069,35791
2021-01-18,35792,37299,34884,36630
2021-01-19,36642,37756,36070,36070
2021-01-20,36050,36378,33570,35548
2021-01-21,35549,35553,30251,30826
2021-01-22,30818,33812,28953,33006
2021-01-23,32986,33361,31493,32068
2021-01-24,32064,32944,31107,32289
2021-01-25,32286,34803,32088,32366
2021-01-26,32359,32795,31030,32570
2021-01-27,32564,32564,29367,30433
2021-01-28,30441,33858,30023,33466
2021-01-29,34319,38406,32065,34316
2021-01-30,34296,34835,32940,34270
2021-01-31,34271,34288,32270,33114
2021-02-01,33115,34638,32384,33537
2021-02-02,33533,35897,33489,35510
2021-02-03,35511,37480,35444,37472
2021-02-04,37475,38592,36318,36926
2021-02-05,36932,38226,36659,38144
2021-02-06,38138,40847,38138,39266
2021-02-07,39250,39622,37446,38903
2021-02-08,38887,46204,38076,46196
2021-02-09,46185,48004,45167,46481
2021-02-10,46470,47146,43881,44918
2021-02-11,44899,48463,44188,47909
2021-02-12,47877,48746,46425,47505
2021-02-13,47491,48048,46392,47106
2021-02-14,47115,49488,47115,48717
2021-02-15,48697,48876,46347,47945
2021-02-16,47944,50341,47201,49200
2021-02-17,49207,52534,49072,52149
2021-02-18,52141,52474,51016,51680
2021-02-19,51676,56114,50937,55888
2021-02-20,55887,57505,54627,56100
2021-02-21,56069,58331,55673,57540
2021-02-22,57533,57533,48968,54207
2021-02-23,54205,54205,45291,48824
2021-02-24,48835,51290,47214,49705
2021-02-25,49709,51949,47094,47094
2021-02-26,47180,48371,44455,46340
2021-02-27,46345,48253,45269,46188
2021-02-28,46194,46716,43242,45138
2021-03-01,45160,49784,45115,49631
2021-03-02,49612,50128,47229,48379
2021-03-03,48416,52535,48274,50538
2021-03-04,50522,51735,47657,48561
2021-03-05,48527,49396,46543,48927
2021-03-06,48899,49147,47258,48912
2021-03-07,48919,51384,48919,51207
2021-03-08,51174,52314,49506,52247
2021-03-09,52273,54824,51982,54824
2021-03-10,54824,57258,53291,56009
2021-03-11,55963,58091,54485,57805
2021-03-12,57821,57997,55377,57332
2021-03-13,57343,61684,56218,61243
2021-03-14,61221,61598,59302,59302
2021-03-15,59267,60541,55393,55907
2021-03-16,55841,56833,53555,56805
2021-03-17,56826,58970,54529,58871
2021-03-18,58893,60116,54254,57859
2021-03-19,57850,59498,56644,58347
2021-03-20,58332,60031,58213,58314
2021-03-21,58310,58768,56006,57523
2021-03-22,57518,58471,54288,54529
2021-03-23,54512,55985,53471,54739
2021-03-24,54710,57262,52514,52774
2021-03-25,52727,53392,50857,51704
2021-03-26,51683,55137,51580,55137
2021-03-27,55138,56568,54243,55974
2021-03-28,55975,56610,55071,55951
2021-03-29,55948,58342,55139,57750
2021-03-30,57750,59447,57252,58918
2021-03-31,58930,59930,57726,58919
2021-04-01,58927,59586,58505,59096
2021-04-02,59099,60267,58869,59384
2021-04-03,59397,60110,57604,57604
2021-04-04,57605,58914,57169,58759
2021-04-05,58761,59891,57695,59058
2021-04-06,59172,59480,57647,58192
2021-04-07,58187,58731,55604,56049
2021-04-08,56100,58339,55879,58324
2021-04-09,58327,58937,57808,58245
2021-04-10,58254,61277,58039,59793
2021-04-11,59846,60791,59290,60205
2021-04-12,60176,61253,59590,59893
2021-04-13,59890,63742,59870,63503
2021-04-14,63524,64863,61555,63110
2021-04-15,63075,63822,62209,63314
2021-04-16,63259,63595,60223,61573
2021-04-17,61530,62572,60361,60684
2021-04-18,60702,61057,52830,56216
2021-04-19,56192,57520,54369,55724
2021-04-20,55682,57062,53448,56473
2021-04-21,56471,56758,53695,53906
2021-04-22,53857,55410,50584,51762
2021-04-23,51740,52121,47715,51094
2021-04-24,51143,51168,48805,50051
2021-04-25,50053,50506,47159,49004
2021-04-26,49078,54288,48853,54022
2021-04-27,54030,55417,53319,55033
2021-04-28,55037,56227,53888,54825
2021-04-29,54858,55116,52418,53555
2021-04-30,53569,57901,53130,57750
2021-05-01,57715,58448,57052,57828
2021-05-02,57826,57903,56142,56631
2021-05-03,56620,58973,56591,57200
2021-05-04,57214,57214,53191,53334
2021-05-05,53252,57911,52969,57424
2021-05-06,57441,58363,55383,56397
2021-05-07,56414,58607,55322,57356
2021-05-08,57353,59465,56975,58804
2021-05-09,58877,59211,56482,58232
2021-05-10,58251,59519,54071,55860
2021-05-11,55847,56873,54609,56705
2021-05-12,56715,57939,49151,49151
2021-05-13,49735,51331,46980,49716
2021-05-14,49683,51438,48869,49881
2021-05-15,49855,50640,46664,46760
2021-05-16,46717,49720,43963,46456
2021-05-17,46416,46624,42207,43538
2021-05-18,43488,45812,42368,42909
2021-05-19,42945,43546,30681,37002
2021-05-20,36754,42463,35051,40783
2021-05-21,40597,42172,33616,37305
2021-05-22,37371,38831,35384,37537
2021-05-23,37531,38289,31227,34771
2021-05-24,34700,39835,34551,38706
2021-05-25,38796,39776,36581,38402
2021-05-26,38393,40782,37906,39294
2021-05-27,39317,40380,37248,38437
2021-05-28,38507,38857,34779,35698
2021-05-29,35684,37235,33694,34616
2021-05-30,34607,36401,33521,35678
2021-05-31,35659,37468,34242,37333
2021-06-01,37294,37897,35787,36685
2021-06-02,36700,38231,35966,37575
2021-06-03,37599,39479,37244,39209
2021-06-04,39242,39242,35718,36894
2021-06-05,36880,37918,34900,35552
2021-06-06,35539,36436,35305,35862
2021-06-07,35835,36791,33481,33561
2021-06-08,33590,34017,31114,33473
2021-06-09,33417,37537,32476,37345
2021-06-10,37390,38334,35848,36703
2021-06-11,36697,37609,36044,37334
2021-06-12,37340,37409,34728,35553
2021-06-13,35556,39323,34864,39098
2021-06-14,39017,40978,38757,40218
2021-06-15,40427,41295,39609,40406
2021-06-16,40169,40517,38176,38347
2021-06-17,38341,39514,37440,38054
2021-06-18,38099,38187,35256,35787
2021-06-19,35855,36458,34933,35616
2021-06-20,35563,36059,33432,35698
2021-06-21,35641,35722,31296,31677
2021-06-22,31622,33292,28894,32506
2021-06-23,32516,34753,31773,33723
2021-06-24,33683,35229,32385,34662
2021-06-25,34659,35487,31351,31638
2021-06-26,31595,32638,30185,32186
2021-06-27,32288,34656,32072,34650
2021-06-28,34679,35220,33902,34434
2021-06-29,34476,36542,34252,35868
2021-06-30,35908,36075,34086,35041
2021-07-01,35036,35036,32884,33572
2021-07-02,33550,33940,32771,33897
2021-07-03,33854,34909,33403,34669
2021-07-04,34666,35938,34396,35288
2021-07-05,35284,35284,33214,33746
2021-07-06,33724,35039,33600,34235
2021-07-07,34226,34998,33839,33855
2021-07-08,33890,33908,32133,32877
2021-07-09,32862,34042,32319,33798
2021-07-10,33811,34209,33116,33521
2021-07-11,33509,34585,33347,34240
2021-07-12,34254,34592,32697,33156
2021-07-13,33125,33327,32261,32702
2021-07-14,32724,33061,31639,32822
2021-07-15,32828,33160,31176,31781
2021-07-16,31842,32218,31101,31422
2021-07-17,31397,31936,31224,31533
2021-07-18,31534,32399,31215,31797
2021-07-19,31800,31886,30564,30818
2021-07-20,30838,31006,29361,29807
2021-07-21,29796,32752,29526,32111
2021-07-22,32139,32576,31745,32313
2021-07-23,32306,33582,32058,33582
2021-07-24,33594,34490,33425,34292
2021-07-25,34290,35365,33882,35350
2021-07-26,35384,40500,35287,37338
2021-07-27,37276,39407,36442,39407
2021-07-28,39503,40816,38862,39996
2021-07-29,39995,40593,39352,40008
2021-07-30,40027,42236,38397,42236
2021-07-31,42196,42231,41111,41626
2021-08-01,41461,42542,39541,39975
2021-08-02,39907,40419,38746,39202
2021-08-03,39178,39750,37782,38153
2021-08-04,38213,39952,37589,39748
2021-08-05,39745,41342,37458,40870
2021-08-06,40866,43272,39932,42817
2021-08-07,42833,44690,42619,44556
2021-08-08,44574,45282,43332,43798
2021-08-09,43792,46457,42849,46365
2021-08-10,46281,46638,44706,45585
2021-08-11,45600,46736,45352,45594
2021-08-12,45577,46229,43861,44428
2021-08-13,44440,47832,44282,47793
2021-08-14,47811,48099,46178,47097
2021-08-15,47097,47357,45580,47047
2021-08-16,47020,47998,45700,46004
2021-08-17,45936,47140,44512,44695
2021-08-18,44687,45952,44364,44801
2021-08-19,44742,46971,43998,46718
2021-08-20,46723,49342,46651,49339
2021-08-21,49327,49717,48312,48905
2021-08-22,48869,49472,48200,49322
2021-08-23,49292,50482,49075,49546
2021-08-24,49562,49879,47687,47706
2021-08-25,47727,49203,47164,48961
2021-08-26,49003,49348,46406,46942
2021-08-27,46895,49113,46394,49059
2021-08-28,49073,49284,48499,48902
2021-08-29,48911,49644,47926,48830
2021-08-30,48835,48926,46950,47055
2021-08-31,47024,48190,46750,47167
2021-09-01,47100,49111,46562,48847
2021-09-02,48808,50343,48652,49328
2021-09-03,49288,50982,48386,50025
2021-09-04,50009,50546,49549,49945
2021-09-05,49938,51869,49539,51753
2021-09-06,51769,52701,51054,52634
2021-09-07,52660,52854,43285,46811
2021-09-08,46828,47334,44561,46091
2021-09-09,45775,47262,45670,46391
2021-09-10,46397,47032,44344,44884
2021-09-11,44870,45969,44818,45201
2021-09-12,45207,46365,44790,46063
2021-09-13,46057,46599,43591,44963
2021-09-14,44960,47218,44752,47092
2021-09-15,47098,48450,46773,48176
2021-09-16,48159,48487,47080,47783
2021-09-17,47771,48161,46833,47268
2021-09-18,47274,48792,47087,48278
2021-09-19,48269,48328,46920,47260
2021-09-20,47261,47328,42599,42844
2021-09-21,43012,43608,39788,40694
2021-09-22,40678,43979,40626,43575
2021-09-23,43560,44942,43109,44895
2021-09-24,44894,45080,40937,42840
2021-09-25,42841,42996,41760,42717
2021-09-26,42722,43919,40848,43209
2021-09-27,43234,44313,42191,42236
2021-09-28,42201,42775,40932,41035
2021-09-29,41065,42545,40830,41564
2021-09-30,41551,44093,41445,43791
2021-10-01,43817,48436,43320,48117
2021-10-02,48137,48282,47465,47711
2021-10-03,47680,49131,47157,48200
2021-10-04,48209,49457,47045,49113
2021-10-05,49175,51840,49073,51515
2021-10-06,51487,55568,50488,55361
2021-10-07,55339,55339,53525,53806
2021-10-08,53802,55923,53688,53968
2021-10-09,53930,55398,53735,54968
2021-10-10,54953,56401,54264,54772
2021-10-11,54734,57793,54520,57485
2021-10-12,57527,57628,54478,56041
2021-10-13,56038,57689,54371,57401
2021-10-14,57373,58479,56957,57322
2021-10-15,57346,62757,56868,61594
2021-10-16,61610,62274,60206,60892
2021-10-17,60888,61646,59164,61554
2021-10-18,61549,62615,60013,62026
2021-10-19,62043,64435,61623,64262
2021-10-20,64285,66930,63611,65993
2021-10-21,66002,66601,62117,62210
2021-10-22,62238,63715,60123,60692
2021-10-23,60695,61744,59827,61394
2021-10-24,61368,61506,59643,60931
2021-10-25,60894,63729,60692,63040
2021-10-26,63033,63229,59991,60364
2021-10-27,60352,61435,58208,58482
2021-10-28,58471,62129,58207,60622
2021-10-29,60625,62928,60330,62228
2021-10-30,62239,62330,60918,61889
2021-10-31,61850,62406,60074,61319
2021-11-01,61320,62419,59695,61004
2021-11-02,60963,64243,60673,63226
2021-11-03,63254,63517,61184,62970
2021-11-04,62942,63123,60800,61452
2021-11-05,61460,62541,60845,61126
2021-11-06,61069,61591,60164,61527
2021-11-07,61555,63327,61432,63327
2021-11-08,63344,67674,63344,67567
2021-11-09,67550,68530,66382,66972
2021-11-10,66953,68790,63208,64995
2021-11-11,64979,65579,64180,64950
2021-11-12,64864,65461,62334,64156
2021-11-13,64158,64916,63304,64470
2021-11-14,64455,65495,63648,65467
2021-11-15,65521,66282,63548,63558
2021-11-16,63721,63721,59016,60161
2021-11-17,60140,60824,58515,60368
2021-11-18,60360,60949,56551,56942
2021-11-19,56896,58351,55705,58120
2021-11-20,58115,59860,57470,59697
2021-11-21,59731,60004,58619,58730
2021-11-22,58707,59266,55680,56289
2021-11-23,56305,57876,55633,57569
2021-11-24,57566,57803,55964,56280
2021-11-25,57165,59368,57147,57275
2021-11-26,58960,59183,53570,53570
2021-11-27,53736,55329,53668,54815
2021-11-28,54813,57394,53577,57248
2021-11-29,57292,58873,56793,57807
2021-11-30,57830,59113,56057,57005
2021-12-01,56908,59042,56553,57230
2021-12-02,57217,57349,55895,56478
2021-12-03,56509,57482,52497,53598
2021-12-04,53728,53905,42875,49201
2021-12-05,49202,49768,47857,49369
2021-12-06,49413,50930,47281,50583
2021-12-07,50582,51935,50176,50700
2021-12-08,50668,51171,48766,50505
2021-12-09,50450,50797,47358,47672
2021-12-10,47642,50015,47024,47243
2021-12-11,47265,49458,46942,49363
2021-12-12,49355,50725,48726,50098
2021-12-13,50115,50205,45895,46737
2021-12-14,46710,48431,46424,46613
2021-12-15,48380,49474,46672,48897
2021-12-16,48900,49426,47530,47665
2021-12-17,47654,48005,45618,46202
2021-12-18,46219,47314,45598,46849
2021-12-19,46854,48090,46503,46707
2021-12-20,46707,47402,45580,46880
2021-12-21,46886,49301,46699,48937
2021-12-22,48937,49545,48451,48629
2021-12-23,48626,51332,48066,50785
2021-12-24,50806,51814,50514,50822
2021-12-25,50855,51177,50237,50430
2021-12-26,50429,51196,49623,50810
2021-12-27,50803,51956,50499,50640
2021-12-28,50680,50680,47414,47589
2021-12-29,47624,48120,46201,46445
2021-12-30,46491,47880,46060,47178
2021-12-31,47169,48473,45820,46306
2022-01-01,46312,47827,46288,47687
2022-01-02,47681,47881,46857,47345
2022-01-03,47344,47511,45836,46458
2022-01-04,46459,47407,45752,45898
2022-01-05,45899,46929,42798,43569
2022-01-06,43566,43749,42646,43161
2022-01-07,43154,43154,41077,41558
2022-01-08,41561,42229,40672,41734
2022-01-09,41735,42664,41338,41912
2022-01-10,41910,42199,39797,41821
2022-01-11,41820,43001,41408,42736
2022-01-12,42742,44135,42529,43949
2022-01-13,43947,44278,42447,42592
2022-01-14,42599,43347,41983,43100
2022-01-15,43102,43725,42669,43177
2022-01-16,43172,43437,42691,43114
2022-01-17,43118,43179,41680,42251
2022-01-18,42250,42534,41392,42376
2022-01-19,42374,42478,41243,41744
2022-01-20,41744,43413,40673,40680
2022-01-21,40700,41061,35791,36457
2022-01-22,36472,36689,34349,35030
2022-01-23,35047,36433,34785,36277
2022-01-24,36276,37248,33184,36654
2022-01-25,36655,37445,35779,36954
2022-01-26,36951,38825,36375,36852
2022-01-27,36842,37148,35629,37138
2022-01-28,37128,37953,36211,37784
2022-01-29,37781,38576,37406,38138
2022-01-30,38152,38266,37438,37918
2022-01-31,37920,38647,36734,38483
2022-02-01,38482,39115,38114,38743
2022-02-02,38744,38835,36833,36953
2022-02-03,36945,37155,36376,37155
2022-02-04,37149,41528,37094,41501
2022-02-05,41501,41847,41038,41441
2022-02-06,41441,42501,41245,42412
2022-02-07,42407,44402,41748,43840
2022-02-08,43855,45294,42808,44118
2022-02-09,44097,44728,43233,44339
2022-02-10,44348,45661,43403,43565
2022-02-11,43571,43811,42115,42408
2022-02-12,42412,42993,41853,42244
2022-02-13,42237,42693,41951,42198
2022-02-14,42157,42776,41682,42587
2022-02-15,42586,44667,42491,44575
2022-02-16,44578,44578,43457,43962
2022-02-17,43937,44133,40249,40538
2022-02-18,40552,40929,39638,40031
2022-02-19,40026,40419,39713,40122
2022-02-20,40118,40120,38113,38431
2022-02-21,38423,39394,36950,37075
2022-02-22,37069,38360,36489,38286
2022-02-23,38285,39122,37202,37297
2022-02-24,37279,38969,34459,38333
2022-02-25,38334,39630,38111,39214
2022-02-26,39213,40005,38703,39105
2022-02-27,39099,39779,37269,37710
2022-02-28,37706,43760,37518,43193
2022-03-01,43195,44794,42953,44355
2022-03-02,44358,45078,43433,43924
2022-03-03,43925,44022,41915,42452
2022-03-04,42458,42480,38806,39138
2022-03-05,39148,39566,38777,39401
2022-03-06,39404,39640,38212,38420
2022-03-07,38429,39430,37260,38062
2022-03-08,38060,39304,37957,38737
2022-03-09,38743,42466,38706,41983
2022-03-10,41974,42005,38833,39437
2022-03-11,39440,40082,38347,38795
2022-03-12,38794,39309,38773,38904
2022-03-13,38885,39209,37728,37850
2022-03-14,37846,39743,37681,39667
2022-03-15,39664,39795,38310,39339
2022-03-16,39336,41465,39022,41144
2022-03-17,41141,41288,40663,40951
2022-03-18,40945,42196,40302,41801
2022-03-19,41795,42317,41603,42191
2022-03-20,42191,42241,41005,41248
2022-03-21,41246,41454,40668,41078
2022-03-22,41074,43125,40948,42359
2022-03-23,42364,42894,41878,42893
2022-03-24,42887,44132,42726,43961
2022-03-25,43965,44999,43706,44349
2022-03-26,44350,44736,44166,44501
2022-03-27,44505,46828,44437,46820
2022-03-28,46822,48087,46690,47128
2022-03-29,47100,48022,47100,47466
2022-03-30,47457,47655,46746,47063
2022-03-31,47062,47512,45391,45539
2022-04-01,45554,46616,44403,46282
2022-04-02,46286,47028,45783,45869
2022-04-03,45859,47313,45634,46454
2022-04-04,46445,46791,45236,46623
2022-04-05,46625,47106,45545,45556
2022-04-06,45544,45544,43194,43207
2022-04-07,43208,43861,42900,43504
2022-04-08,43505,43903,42183,42288
2022-04-09,42282,42787,42183,42782
2022-04-10,42781,43376,42021,42208
2022-04-11,42201,42425,39373,39522
2022-04-12,39534,40618,39388,40127
2022-04-13,40124,41430,39713,41167
2022-04-14,41160,41451,39696,39936
2022-04-15,39939,40618,39867,40553
2022-04-16,40552,40634,40078,40424
2022-04-17,40418,40571,39621,39717
2022-04-18,39721,40986,38696,40826
2022-04-19,40828,41673,40619,41503
2022-04-20,41502,42126,40961,41374
2022-04-21,41372,42894,40064,40527
2022-04-22,40526,40778,39315,39740
2022-04-23,39739,39936,39352,39487
2022-04-24,39478,39846,39234,39469
2022-04-25,39473,40492,38338,40458
2022-04-26,40448,40714,37885,38117
2022-04-27,38120,39398,37997,39241
2022-04-28,39241,40269,38941,39774
2022-04-29,39769,39887,38236,38610
2022-04-30,38606,38771,37698,37715
2022-05-01,37713,38628,37586,38469
2022-05-02,38472,39075,38157,38529
2022-05-03,38528,38630,37586,37750
2022-05-04,37748,39903,37732,39698
2022-05-05,39696,39789,35857,36575
2022-05-06,36573,36624,35482,36041
2022-05-07,36043,36130,34941,35502
2022-05-08,35503,35503,33879,34059
2022-05-09,34060,34222,30297,30297
2022-05-10,30274,32596,29945,31023
2022-05-11,31016,32013,28170,28936
2022-05-12,28937,30032,26350,29048
2022-05-13,29031,30925,28782,29283
2022-05-14,29286,30193,28703,30101
2022-05-15,30099,31308,29528,31305
2022-05-16,31304,31305,29252,29863
2022-05-17,29862,30694,29570,30426
2022-05-18,30424,30619,28720,28720
2022-05-19,28720,30431,28709,30314
2022-05-20,30311,30665,28794,29201
2022-05-21,29200,29589,29027,29432
2022-05-22,29432,30426,29275,30324
2022-05-23,30309,30591,28976,29099
2022-05-24,29101,29774,28787,29656
2022-05-25,29653,30158,29385,29562
2022-05-26,29565,29834,28262,29267
2022-05-27,29251,29347,28327,28628
2022-05-28,28623,28815,28555,28815
2022-05-29,29020,29498,28841,29446
2022-05-30,29443,31950,29304,31726
2022-05-31,31724,32250,31286,31792
2022-06-01,31793,31957,29502,29799
2022-06-02,29795,30605,29653,30467
2022-06-03,30468,30633,29376,29704
2022-06-04,29706,29931,29500,29833
2022-06-05,29835,30118,29574,29907
2022-06-06,29910,31693,29894,31371
2022-06-07,31372,31490,29312,31155
2022-06-08,31151,31254,29944,30214
2022-06-09,30215,30609,30020,30112
2022-06-10,30110,30246,28978,29084
2022-06-11,29085,29402,28236,28361
2022-06-12,28374,28503,26763,26763
2022-06-13,26738,26796,22141,22487
2022-06-14,22488,23019,20951,22207
2022-06-15,22197,22643,20178,22573
2022-06-16,22576,22869,20265,20382
2022-06-17,20386,21243,20327,20471
2022-06-18,20473,20736,17709,19018
2022-06-19,19011,20684,18067,20553
2022-06-20,20553,20913,19689,20600
2022-06-21,20594,21621,20415,20711
2022-06-22,20719,20836,19848,19987
2022-06-23,19987,21136,19950,21086
2022-06-24,21085,21473,20778,21232
2022-06-25,21234,21521,20965,21502
2022-06-26,21496,21784,21016,21027
2022-06-27,21028,21478,20620,20735
2022-06-28,20732,21164,20229,20281
2022-06-29,20281,20364,19938,20104
2022-06-30,20108,20141,18730,19785
2022-07-01,19820,20633,19074,19269
2022-07-02,19275,19372,19027,19242
2022-07-03,19242,19558,18967,19297
2022-07-04,19297,20259,19063,20231
2022-07-05,20225,20635,19341,20190
2022-07-06,20195,20596,19824,20548
2022-07-07,20548,21772,20296,21638
2022-07-08,21637,22315,21257,21731
2022-07-09,21717,21877,21446,21592
2022-07-10,21591,21591,20727,20860
2022-07-11,20856,20856,19925,19971
2022-07-12,19970,20043,19309,19324
2022-07-13,19326,20223,19000,20212
2022-07-14,20211,20790,19689,20570
2022-07-15,20573,21138,20397,20836
2022-07-16,20834,21514,20519,21190
2022-07-17,21195,21601,20778,20779
2022-07-18,20782,22633,20782,22486
2022-07-19,22468,23667,21683,23389
2022-07-20,23393,24197,23010,23232
2022-07-21,23233,23388,22431,23165
2022-07-22,23164,23672,22603,22715
2022-07-23,22707,22977,22003,22465
2022-07-24,22466,22974,22307,22609
2022-07-25,22607,22649,21362,21362
2022-07-26,21361,21361,20777,21240
2022-07-27,21244,22987,21071,22931
2022-07-28,22934,24110,22722,23844
2022-07-29,23845,24295,23481,23805
2022-07-30,23797,24573,23581,23656
2022-07-31,23652,24122,23276,23337
2022-08-01,23337,23465,22891,23314
2022-08-02,23308,23415,22710,22978
2022-08-03,22981,23579,22748,22847
2022-08-04,22848,23198,22486,22631
2022-08-05,22627,23423,22612,23289
2022-08-06,23291,23327,22961,22961
2022-08-07,22964,23359,22895,23176
2022-08-08,23180,24204,23177,23809
2022-08-09,23811,23899,22982,23164
2022-08-10,23163,24127,22772,23948
2022-08-11,23948,24823,23901,23958
2022-08-12,23957,24413,23657,24403
2022-08-13,24402,24860,24346,24424
2022-08-14,24429,24975,24206,24319
2022-08-15,24318,25136,23840,24137
2022-08-16,24126,24228,23734,23883
2022-08-17,23881,24407,23243,23336
2022-08-18,23341,23564,23178,23213
2022-08-19,23213,23213,20869,20878
2022-08-20,20873,21351,20857,21166
2022-08-21,21160,21669,21103,21534
2022-08-22,21531,21531,20939,21399
2022-08-23,21401,21646,20955,21528
2022-08-24,21526,21783,21195,21395
2022-08-25,21395,21790,21362,21601
2022-08-26,21596,21805,20199,20260
2022-08-27,20262,20341,19891,20042
2022-08-28,20041,20139,19617,19617
2022-08-29,19615,20357,19601,20298
2022-08-30,20299,20543,19618,19797
2022-08-31,19800,20421,19800,20050
2022-09-01,20050,20198,19654,20127
2022-09-02,20126,20402,19815,19970
2022-09-03,19970,20037,19698,19832
2022-09-04,19832,20000,19637,19987
2022-09-05,19989,20031,19673,19812
2022-09-06,19818,20155,18800,18838
2022-09-07,18838,19427,18644,19290
2022-09-08,19290,19417,19077,19330
2022-09-09,19328,21439,19311,21381
2022-09-10,21377,21760,21169,21681
2022-09-11,21679,21771,21407,21769
2022-09-12,21770,22439,21604,22370
2022-09-13,22371,22674,20063,20297
2022-09-14,20185,20467,19793,20241
2022-09-15,20242,20318,19637,19701
2022-09-16,19704,19871,19400,19773
2022-09-17,19777,20163,19777,20128
2022-09-18,20127,20127,19387,19420
2022-09-19,19419,19639,18390,19544
2022-09-20,19546,19602,18813,18891
2022-09-21,18891,19675,18290,18547
2022-09-22,18535,19457,18416,19414
2022-09-23,19412,19465,18618,19298
2022-09-24,19297,19310,18862,18937
2022-09-25,18936,19135,18696,18802
2022-09-26,18804,19275,18721,19223
2022-09-27,19222,20338,18916,19111
2022-09-28,19105,19688,18553,19427
2022-09-29,19428,19589,18924,19573
2022-09-30,19573,20110,19266,19432
2022-10-01,19431,19471,19231,19312
2022-10-02,19312,19370,18971,19044
2022-10-03,19044,19654,19025,19624
2022-10-04,19624,20380,19524,20337
2022-10-05,20336,20344,19802,20161
2022-10-06,20161,20408,19900,19955
2022-10-07,19958,20041,19396,19547
2022-10-08,19546,19602,19299,19417
2022-10-09,19417,19543,19349,19446
2022-10-10,19446,19515,19103,19141
2022-10-11,19139,19242,18926,19051
2022-10-12,19053,19203,19030,19157
2022-10-13,19157,19453,18320,19383
2022-10-14,19383,19889,19115,19186
2022-10-15,19185,19213,19019,19068
2022-10-16,19069,19390,19069,19268
2022-10-17,19269,19636,19173,19551
2022-10-18,19550,19667,19145,19334
2022-10-19,19335,19348,19128,19140
2022-10-20,19138,19315,18971,19054
2022-10-21,19053,19237,18771,19172
2022-10-22,19172,19248,19132,19208
2022-10-23,19208,19647,19124,19567
2022-10-24,19568,19589,19206,19346
2022-10-25,19345,20348,19261,20096
2022-10-26,20092,20938,20076,20770
2022-10-27,20773,20854,20255,20286
2022-10-28,20288,20725,20086,20595
2022-10-29,20595,20988,20566,20818
2022-10-30,20818,20917,20547,20636
2022-10-31,20634,20795,20287,20496
2022-11-01,20495,20647,20360,20485
2022-11-02,20483,20743,20087,20160
2022-11-03,20163,20382,20086,20210
2022-11-04,20209,21210,20188,21147
2022-11-05,21145,21447,21098,21283
2022-11-06,21285,21345,20920,20926
2022-11-07,20925,21053,20490,20603
2022-11-08,20601,20665,17604,18541
2022-11-09,18544,18590,15683,15881
2022-11-10,15883,18054,15834,17587
2022-11-11,17583,17651,16543,17034
2022-11-12,17037,17067,16652,16799
2022-11-13,16800,16921,16321,16353
2022-11-14,16352,17109,15873,16618
2022-11-15,16617,17052,16543,16885
2022-11-16,16884,16960,16430,16669
2022-11-17,16670,16726,16461,16688
2022-11-18,16688,16947,16565,16698
2022-11-19,16696,16798,16570,16712
2022-11-20,16713,16747,16249,16292
2022-11-21,16291,16291,15599,15787
2022-11-22,15782,16253,15657,16190
2022-11-23,16196,16638,16171,16611
2022-11-24,16612,16771,16502,16604
2022-11-25,16602,16603,16388,16522
2022-11-26,16522,16667,16416,16464
2022-11-27,16464,16594,16437,16445
2022-11-28,16440,16483,16055,16217
2022-11-29,16218,16522,16139,16445
2022-11-30,16445,17191,16445,17169
2022-12-01,17168,17197,16888,16967
2022-12-02,16969,17089,16878,17089
2022-12-03,17090,17116,16888,16908
2022-12-04,16908,17158,16903,17130
2022-12-05,17129,17378,16922,16975
2022-12-06,16975,17092,16940,17090
2022-12-07,17090,17109,16751,16848
2022-12-08,16847,17268,16789,17233
2022-12-09,17232,17281,17101,17133
2022-12-10,17134,17217,17121,17129
2022-12-11,17130,17246,17092,17104
2022-12-12,17103,17213,16899,17206
2022-12-13,17206,17930,17112,17781
2022-12-14,17782,18319,17740,17816
2022-12-15,17814,17847,17323,17365
2022-12-16,17365,17506,16585,16647
2022-12-17,16647,16801,16614,16795
2022-12-18,16796,16815,16698,16758
2022-12-19,16759,16808,16398,16440
2022-12-20,16442,17013,16428,16906
2022-12-21,16905,16917,16756,16818
2022-12-22,16818,16867,16592,16830
2022-12-23,16830,16905,16794,16797
2022-12-24,16797,16865,16794,16848
2022-12-25,16848,16861,16755,16842
2022-12-26,16842,16920,16812,16920
2022-12-27,16919,16960,16642,16717
2022-12-28,16716,16768,16498,16553
2022-12-29,16552,16652,16509,16642
2022-12-30,16641,16643,16408,16603
2022-12-31,16604,16629,16518,16547
2023-01-01,16548,16630,16521,16625
2023-01-02,16626,16759,16572,16688
2023-01-03,16689,16760,16622,16680
2023-01-04,16680,16965,16668,16863
2023-01-05,16863,16884,16790,16837
2023-01-06,16836,16992,16716,16952
2023-01-07,16952,16975,16914,16955
2023-01-08,16954,17091,16924,17091
2023-01-09,17094,17390,17094,17197
2023-01-10,17193,17485,17163,17446
2023-01-11,17446,17935,17338,17935
2023-01-12,18118,19030,17995,18870
2023-01-13,18869,19964,18753,19910
2023-01-14,19911,21075,19908,20976
2023-01-15,20977,20994,20607,20881
2023-01-16,20882,21361,20716,21170
2023-01-17,21176,21439,20979,21162
2023-01-18,21161,21565,20542,20689
2023-01-19,20687,21163,20685,21087
2023-01-20,21085,22692,20919,22677
2023-01-21,22677,23282,22512,22778
2023-01-22,22778,23057,22388,22720
2023-01-23,22721,23126,22654,22934
2023-01-24,22930,23134,22550,22636
2023-01-25,22639,23722,22406,23118
2023-01-26,23109,23237,22911,23033
2023-01-27,23031,23418,22655,23079
2023-01-28,23080,23166,22909,23031
2023-01-29,23031,23920,22985,23775
2023-01-30,23775,23789,22658,22840
2023-01-31,22841,23225,22766,23139
2023-02-01,23138,23765,22878,23724
2023-02-02,23721,24167,23469,23472
2023-02-03,23469,23678,23280,23449
2023-02-04,23446,23557,23292,23332
2023-02-05,23332,23423,22842,22956
2023-02-06,22954,23119,22692,22760
2023-02-07,22757,23311,22756,23264
2023-02-08,23263,23368,22731,22939
2023-02-09,22947,22996,21774,21819
2023-02-10,21819,21941,21539,21651
2023-02-11,21652,21891,21618,21871
2023-02-12,21871,22061,21683,21788
2023-02-13,21787,21898,21460,21808
2023-02-14,21802,22293,21632,22221
2023-02-15,22221,24308,22083,24308
2023-02-16,24307,25134,23603,23623
2023-02-17,23621,24924,23461,24566
2023-02-18,24565,24799,24468,24641
2023-02-19,24640,25093,24328,24328
2023-02-20,24337,25020,23928,24829
2023-02-21,24833,25127,24200,24436
2023-02-22,24437,24472,23644,24189
2023-02-23,24191,24572,23694,23947
2023-02-24,23946,24104,23007,23198
2023-02-25,23200,23210,22862,23175
2023-02-26,23174,23654,23084,23561
2023-02-27,23561,23858,23206,23523
2023-02-28,23522,23585,23078,23147
2023-03-01,23151,23881,23089,23647
2023-03-02,23647,23739,23245,23475
2023-03-03,23477,23479,22213,22363
2023-03-04,22363,22405,22199,22353
2023-03-05,22354,22614,22307,22436
2023-03-06,22437,22584,22331,22430
2023-03-07,22428,22527,22011,22220
2023-03-08,22216,22269,21708,21718
2023-03-09,21720,21803,20210,20363
2023-03-10,20367,20371,19628,20187
2023-03-11,20188,20793,20069,20632
2023-03-12,20628,22185,20449,22164
2023-03-13,22156,24551,21918,24198
2023-03-14,24202,26515,24081,24746
2023-03-15,24771,25241,23965,24376
,,,,
,,,,