Date,Price
2010-07-18,0
2010-07-19,0
2010-07-20,0
2010-07-21,0
2010-07-22,0
2010-07-23,0
2010-07-24,0
2010-07-25,0
2010-07-26,0
2010-07-27,0
2010-07-28,0
2010-07-29,0
2010-07-30,0
2010-07-31,0
2010-08-01,0
2010-08-02,0
2010-08-03,0
2010-08-04,0
2010-08-05,0
2010-08-06,0
2010-08-07,0
2010-08-08,0
2010-08-09,0
2010-08-10,0
2010-08-11,0
2010-08-12,0
2010-08-13,0
2010-08-14,0
2010-08-15,0
2010-08-16,0
2010-08-17,0
2010-08-18,0
2010-08-19,0
2010-08-20,0
2010-08-21,0
2010-08-22,0
2010-08-23,0
2010-08-24,0
2010-08-25,0
2010-08-26,0
2010-08-27,0
2010-08-28,0
2010-08-29,0
2010-08-30,0
2010-08-31,0
2010-09-01,0
2010-09-02,0
2010-09-03,0
2010-09-04,0
2010-09-05,0
2010-09-06,0
2010-09-07,0
2010-09-08,0
2010-09-09,0
2010-09-10,0
2010-09-11,0
2010-09-12,0
2010-09-13,0
2010-09-14,0
2010-09-15,0
2010-09-16,0
2010-09-17,0
2010-09-18,0
2010-09-19,0
2010-09-20,0
2010-09-21,0
2010-09-22,0
2010-09-23,0
2010-09-24,0
2010-09-25,0
2010-09-26,0
2010-09-27,0
2010-09-28,0
2010-09-29,0
2010-09-30,0
2010-10-01,0
2010-10-02,0
2010-10-03,0
2010-10-04,0
2010-10-05,0
2010-10-06,0
2010-10-07,0
2010-10-08,0
2010-10-09,0
2010-10-10,0
2010-10-11,0
2010-10-12,0
2010-10-13,0
2010-10-14,0
2010-10-15,0
2010-10-16,0
2010-10-17,0
2010-10-18,0
2010-10-19,0
2010-10-20,0
2010-10-21,0
2010-10-22,0
2010-10-23,0
2010-10-24,0
2010-10-25,0
2010-10-26,0
2010-10-27,0
2010-10-28,0
2010-10-29,0
2010-10-30,0
2010-10-31,0
2010-11-01,0
2010-11-02,0
2010-11-03,0
2010-11-04,0
2010-11-05,0
2010-11-06,0
2010-11-07,0
2010-11-08,0
2010-11-09,0
2010-11-10,0
2010-11-11,0
2010-11-12,0
2010-11-13,0
2010-11-14,0
2010-11-15,0
2010-11-16,0
2010-11-17,0
2010-11-18,0
2010-11-19,0
2010-11-20,0
2010-11-21,0
2010-11-22,0
2010-11-23,0
2010-11-24,0
2010-11-25,0
2010-11-26,0
2010-11-27,0
2010-11-28,0
2010-11-29,0
2010-11-30,0
2010-12-01,0
2010-12-02,0
2010-12-03,0
2010-12-04,0
2010-12-05,0
2010-12-06,0
2010-12-07,0
2010-12-08,0
2010-12-09,0
2010-12-10,0
2010-12-11,0
2010-12-12,0
2010-12-13,0
2010-12-14,0
2010-12-15,0
2010-12-16,0
2010-12-17,0
2010-12-18,0
2010-12-19,0
2010-12-20,0
2010-12-21,0
2010-12-22,0
2010-12-23,0
2010-12-24,0
2010-12-25,0
2010-12-26,0
2010-12-27,0
2010-12-28,0
2010-12-29,0
2010-12-30,0
2010-12-31,0
2011-01-01,0
2011-01-02,0
2011-01-03,0
2011-01-04,0
2011-01-05,0
2011-01-06,0
2011-01-07,0
2011-01-08,0
2011-01-09,0
2011-01-10,0
2011-01-11,0
2011-01-12,0
2011-01-13,0
2011-01-14,0
2011-01-15,0
2011-01-16,0
2011-01-17,0
2011-01-18,0
2011-01-19,0
2011-01-20,0
2011-01-21,0
2011-01-22,0
2011-01-23,0
2011-01-24,0
2011-01-25,0
2011-01-26,0
2011-01-27,0
2011-01-28,0
2011-01-29,0
2011-01-30,0
2011-01-31,1
2011-02-01,1
2011-02-02,1
2011-02-03,1
2011-02-04,1
2011-02-05,1
2011-02-06,1
2011-02-07,1
2011-02-08,1
2011-02-09,1
2011-02-10,1
2011-02-11,1
2011-02-12,1
2011-02-13,1
2011-02-14,1
2011-02-15,1
2011-02-16,1
2011-02-17,1
2011-02-18,1
2011-02-19,1
2011-02-20,1
2011-02-21,1
2011-02-22,1
2011-02-23,1
2011-02-24,1
2011-02-25,1
2011-02-26,1
2011-02-27,1
2011-02-28,1
2011-03-01,1
2011-03-02,1
2011-03-03,1
2011-03-04,1
2011-03-05,1
2011-03-06,1
2011-03-07,1
2011-03-08,1
2011-03-09,1
2011-03-10,1
2011-03-11,1
2011-03-12,1
2011-03-13,1
2011-03-14,1
2011-03-15,1
2011-03-16,1
2011-03-17,1
2011-03-18,1
2011-03-19,1
2011-03-20,1
2011-03-21,1
2011-03-22,1
2011-03-23,1
2011-03-24,1
2011-03-25,1
2011-03-26,1
2011-03-27,1
2011-03-28,1
2011-03-29,1
2011-03-30,1
2011-03-31,1
2011-04-01,1
2011-04-02,1
2011-04-03,1
2011-04-04,1
2011-04-05,1
2011-04-06,1
2011-04-07,1
2011-04-08,1
2011-04-09,1
2011-04-10,1
2011-04-11,1
2011-04-12,1
2011-04-13,1
2011-04-14,1
2011-04-15,1
2011-04-16,1
2011-04-17,1
2011-04-18,1
2011-04-19,1
2011-04-20,1
2011-04-21,1
2011-04-22,1
2011-04-23,2
2011-04-24,2
2011-04-25,2
2011-04-26,2
2011-04-27,2
2011-04-28,2
2011-04-29,3
2011-04-30,4
2011-05-01,3
2011-05-02,3
2011-05-03,3
2011-05-04,3
2011-05-05,3
2011-05-06,3
2011-05-07,4
2011-05-08,4
2011-05-09,4
2011-05-10,6
2011-05-11,5
2011-05-12,6
2011-05-13,8
2011-05-14,7
2011-05-15,7
2011-05-16,8
2011-05-17,7
2011-05-18,7
2011-05-19,7
2011-05-20,6
2011-05-21,6
2011-05-22,7
2011-05-23,7
2011-05-24,7
2011-05-25,9
2011-05-26,9
2011-05-27,9
2011-05-28,8
2011-05-29,8
2011-05-30,9
2011-05-31,9
2011-06-01,10
2011-06-02,11
2011-06-03,14
2011-06-04,18
2011-06-05,17
2011-06-06,18
2011-06-07,23
2011-06-08,29
2011-06-09,29
2011-06-10,24
2011-06-11,15
2011-06-12,19
2011-06-13,20
2011-06-14,19
2011-06-15,19
2011-06-16,18
2011-06-17,15
2011-06-18,17
2011-06-19,18
2011-06-20,18
2011-06-21,18
2011-06-22,18
2011-06-23,18
2011-06-24,18
2011-06-25,18
2011-06-26,16
2011-06-27,17
2011-06-28,17
2011-06-29,17
2011-06-30,16
2011-07-01,15
2011-07-02,15
2011-07-03,15
2011-07-04,14
2011-07-05,13
2011-07-06,15
2011-07-07,15
2011-07-08,14
2011-07-09,14
2011-07-10,15
2011-07-11,14
2011-07-12,14
2011-07-13,14
2011-07-14,14
2011-07-15,14
2011-07-16,14
2011-07-17,13
2011-07-18,14
2011-07-19,14
2011-07-20,14
2011-07-21,14
2011-07-22,14
2011-07-23,14
2011-07-24,14
2011-07-25,14
2011-07-26,14
2011-07-27,14
2011-07-28,13
2011-07-29,14
2011-07-30,14
2011-07-31,13
2011-08-01,13
2011-08-02,12
2011-08-03,9
2011-08-04,11
2011-08-05,10
2011-08-06,7
2011-08-07,9
2011-08-08,8
2011-08-09,10
2011-08-10,10
2011-08-11,9
2011-08-12,9
2011-08-13,10
2011-08-14,11
2011-08-15,11
2011-08-16,11
2011-08-17,11
2011-08-18,11
2011-08-19,12
2011-08-20,11
2011-08-21,11
2011-08-22,11
2011-08-23,11
2011-08-24,11
2011-08-25,10
2011-08-26,8
2011-08-27,9
2011-08-28,9
2011-08-29,9
2011-08-30,9
2011-08-31,8
2011-09-01,8
2011-09-02,9
2011-09-03,8
2011-09-04,8
2011-09-05,8
2011-09-06,7
2011-09-07,7
2011-09-08,7
2011-09-09,5
2011-09-10,5
2011-09-11,6
2011-09-12,6
2011-09-13,6
2011-09-14,6
2011-09-15,5
2011-09-16,5
2011-09-17,5
2011-09-18,5
2011-09-19,6
2011-09-20,6
2011-09-21,6
2011-09-22,5
2011-09-23,6
2011-09-24,5
2011-09-25,5
2011-09-26,5
2011-09-27,5
2011-09-28,5
2011-09-29,5
2011-09-30,5
2011-10-01,5
2011-10-02,5
2011-10-03,5
2011-10-04,5
2011-10-05,5
2011-10-06,5
2011-10-07,4
2011-10-08,4
2011-10-09,4
2011-10-10,4
2011-10-11,4
2011-10-12,4
2011-10-13,4
2011-10-14,4
2011-10-15,4
2011-10-16,4
2011-10-17,3
2011-10-18,2
2011-10-19,2
2011-10-20,2
2011-10-21,3
2011-10-22,3
2011-10-23,3
2011-10-24,3
2011-10-25,3
2011-10-26,3
2011-10-27,3
2011-10-28,3
2011-10-29,4
2011-10-30,3
2011-10-31,3
2011-11-01,3
2011-11-02,3
2011-11-03,3
2011-11-04,3
2011-11-05,3
2011-11-06,3
2011-11-07,3
2011-11-08,3
2011-11-09,3
2011-11-10,3
2011-11-11,3
2011-11-12,3
2011-11-13,3
2011-11-14,2
2011-11-15,2
2011-11-16,3
2011-11-17,2
2011-11-18,2
2011-11-19,2
2011-11-20,2
2011-11-21,2
2011-11-22,2
2011-11-23,2
2011-11-24,2
2011-11-25,2
2011-11-26,2
2011-11-27,2
2011-11-28,3
2011-11-29,3
2011-11-30,3
2011-12-01,3
2011-12-02,3
2011-12-03,3
2011-12-04,3
2011-12-05,3
2011-12-06,3
2011-12-07,3
2011-12-08,3
2011-12-09,3
2011-12-10,3
2011-12-11,3
2011-12-12,3
2011-12-13,3
2011-12-14,3
2011-12-15,3
2011-12-16,3
2011-12-17,3
2011-12-18,3
2011-12-19,4
2011-12-20,4
2011-12-21,4
2011-12-22,4
2011-12-23,4
2011-12-24,4
2011-12-25,4
2011-12-26,4
2011-12-27,4
2011-12-28,4
2011-12-29,4
2011-12-30,4
2011-12-31,5
2012-01-01,5
2012-01-02,5
2012-01-03,5
2012-01-04,6
2012-01-05,7
2012-01-06,7
2012-01-07,7
2012-01-08,7
2012-01-09,6
2012-01-10,7
2012-01-11,7
2012-01-12,7
2012-01-13,6
2012-01-14,7
2012-01-15,7
2012-01-16,7
2012-01-17,6
2012-01-18,6
2012-01-19,6
2012-01-20,7
2012-01-21,6
2012-01-22,6
2012-01-23,6
2012-01-24,6
2012-01-25,6
2012-01-26,5
2012-01-27,5
2012-01-28,6
2012-01-29,5
2012-01-30,6
2012-01-31,6
2012-02-01,6
2012-02-02,6
2012-02-03,6
2012-02-04,6
2012-02-05,6
2012-02-06,5
2012-02-07,6
2012-02-08,6
2012-02-09,6
2012-02-10,6
2012-02-11,6
2012-02-12,6
2012-02-13,5
2012-02-14,4
2012-02-15,4
2012-02-16,4
2012-02-17,4
2012-02-18,4
2012-02-19,4
2012-02-20,4
2012-02-21,4
2012-02-22,4
2012-02-23,5
2012-02-24,5
2012-02-25,5
2012-02-26,5
2012-02-27,5
2012-02-28,5
2012-02-29,5
2012-03-01,5
2012-03-02,5
2012-03-03,5
2012-03-04,5
2012-03-05,5
2012-03-06,5
2012-03-07,5
2012-03-08,5
2012-03-09,5
2012-03-10,5
2012-03-11,5
2012-03-12,5
2012-03-13,5
2012-03-14,5
2012-03-15,5
2012-03-16,5
2012-03-17,5
2012-03-18,5
2012-03-19,5
2012-03-20,5
2012-03-21,5
2012-03-22,5
2012-03-23,5
2012-03-24,5
2012-03-25,5
2012-03-26,5
2012-03-27,5
2012-03-28,5
2012-03-29,5
2012-03-30,5
2012-03-31,5
2012-04-01,5
2012-04-02,5
2012-04-03,5
2012-04-04,5
2012-04-05,5
2012-04-06,5
2012-04-07,5
2012-04-08,5
2012-04-09,5
2012-04-10,5
2012-04-11,5
2012-04-12,5
2012-04-13,5
2012-04-14,5
2012-04-15,5
2012-04-16,5
2012-04-17,5
2012-04-18,5
2012-04-19,5
2012-04-20,5
2012-04-21,5
2012-04-22,5
2012-04-23,5
2012-04-24,5
2012-04-25,5
2012-04-26,5
2012-04-27,5
2012-04-28,5
2012-04-29,5
2012-04-30,5
2012-05-01,5
2012-05-02,5
2012-05-03,5
2012-05-04,5
2012-05-05,5
2012-05-06,5
2012-05-07,5
2012-05-08,5
2012-05-09,5
2012-05-10,5
2012-05-11,5
2012-05-12,5
2012-05-13,5
2012-05-14,5
2012-05-15,5
2012-05-16,5
2012-05-17,5
2012-05-18,5
2012-05-19,5
2012-05-20,5
2012-05-21,5
2012-05-22,5
2012-05-23,5
2012-05-24,5
2012-05-25,5
2012-05-26,5
2012-05-27,5
2012-05-28,5
2012-05-29,5
2012-05-30,5
2012-05-31,5
2012-06-01,5
2012-06-02,5
2012-06-03,5
2012-06-04,5
2012-06-05,5
2012-06-06,5
2012-06-07,6
2012-06-08,6
2012-06-09,6
2012-06-10,5
2012-06-11,6
2012-06-12,6
2012-06-13,6
2012-06-14,6
2012-06-15,7
2012-06-16,6
2012-06-17,6
2012-06-18,6
2012-06-19,6
2012-06-20,7
2012-06-21,7
2012-06-22,7
2012-06-23,6
2012-06-24,6
2012-06-25,6
2012-06-26,6
2012-06-27,7
2012-06-28,7
2012-06-29,7
2012-06-30,7
2012-07-01,7
2012-07-02,7
2012-07-03,6
2012-07-04,7
2012-07-05,7
2012-07-06,7
2012-07-07,7
2012-07-08,7
2012-07-09,7
2012-07-10,7
2012-07-11,7
2012-07-12,8
2012-07-13,8
2012-07-14,8
2012-07-15,8
2012-07-16,8
2012-07-17,9
2012-07-18,9
2012-07-19,9
2012-07-20,9
2012-07-21,9
2012-07-22,9
2012-07-23,9
2012-07-24,9
2012-07-25,9
2012-07-26,9
2012-07-27,9
2012-07-28,9
2012-07-29,9
2012-07-30,9
2012-07-31,9
2012-08-01,10
2012-08-02,11
2012-08-03,11
2012-08-04,11
2012-08-05,11
2012-08-06,11
2012-08-07,11
2012-08-08,11
2012-08-09,11
2012-08-10,11
2012-08-11,12
2012-08-12,12
2012-08-13,12
2012-08-14,12
2012-08-15,13
2012-08-16,13
2012-08-17,12
2012-08-18,12
2012-08-19,8
2012-08-20,10
2012-08-21,10
2012-08-22,10
2012-08-23,10
2012-08-24,11
2012-08-25,11
2012-08-26,11
2012-08-27,11
2012-08-28,11
2012-08-29,11
2012-08-30,11
2012-08-31,10
2012-09-01,10
2012-09-02,10
2012-09-03,10
2012-09-04,10
2012-09-05,11
2012-09-06,11
2012-09-07,11
2012-09-08,11
2012-09-09,11
2012-09-10,11
2012-09-11,11
2012-09-12,11
2012-09-13,11
2012-09-14,12
2012-09-15,12
2012-09-16,12
2012-09-17,12
2012-09-18,12
2012-09-19,13
2012-09-20,12
2012-09-21,12
2012-09-22,12
2012-09-23,12
2012-09-24,12
2012-09-25,12
2012-09-26,12
2012-09-27,12
2012-09-28,12
2012-09-29,12
2012-09-30,12
2012-10-01,12
2012-10-02,13
2012-10-03,13
2012-10-04,13
2012-10-05,13
2012-10-06,13
2012-10-07,12
2012-10-08,12
2012-10-09,12
2012-10-10,12
2012-10-11,12
2012-10-12,12
2012-10-13,12
2012-10-14,12
2012-10-15,12
2012-10-16,12
2012-10-17,12
2012-10-18,12
2012-10-19,12
2012-10-20,12
2012-10-21,12
2012-10-22,12
2012-10-23,12
2012-10-24,12
2012-10-25,11
2012-10-26,10
2012-10-27,10
2012-10-28,11
2012-10-29,11
2012-10-30,11
2012-10-31,11
2012-11-01,11
2012-11-02,11
2012-11-03,11
2012-11-04,11
2012-11-05,11
2012-11-06,11
2012-11-07,11
2012-11-08,11
2012-11-09,11
2012-11-10,11
2012-11-11,11
2012-11-12,11
2012-11-13,11
2012-11-14,11
2012-11-15,11
2012-11-16,12
2012-11-17,12
2012-11-18,12
2012-11-19,12
2012-11-20,12
2012-11-21,12
2012-11-22,12
2012-11-23,12
2012-11-24,12
2012-11-25,13
2012-11-26,12
2012-11-27,12
2012-11-28,12
2012-11-29,12
2012-11-30,13
2012-12-01,13
2012-12-02,12
2012-12-03,13
2012-12-04,13
2012-12-05,13
2012-12-06,13
2012-12-07,13
2012-12-08,13
2012-12-09,13
2012-12-10,13
2012-12-11,14
2012-12-12,14
2012-12-13,14
2012-12-14,14
2012-12-15,14
2012-12-16,13
2012-12-17,13
2012-12-18,13
2012-12-19,14
2012-12-20,14
2012-12-21,13
2012-12-22,13
2012-12-23,13
2012-12-24,13
2012-12-25,13
2012-12-26,13
2012-12-27,13
2012-12-28,13
2012-12-29,13
2012-12-30,13
2012-12-31,14
2013-01-01,13
2013-01-02,13
2013-01-03,13
2013-01-04,13
2013-01-05,13
2013-01-06,14
2013-01-07,14
2013-01-08,14
2013-01-09,14
2013-01-10,14
2013-01-11,14
2013-01-12,14
2013-01-13,14
2013-01-14,14
2013-01-15,14
2013-01-16,15
2013-01-17,16
2013-01-18,16
2013-01-19,16
2013-01-20,16
2013-01-21,17
2013-01-22,17
2013-01-23,18
2013-01-24,17
2013-01-25,17
2013-01-26,18
2013-01-27,18
2013-01-28,19
2013-01-29,20
2013-01-30,20
2013-01-31,21
2013-02-01,20
2013-02-02,20
2013-02-03,21
2013-02-04,20
2013-02-05,21
2013-02-06,21
2013-02-07,22
2013-02-08,23
2013-02-09,24
2013-02-10,24
2013-02-11,24
2013-02-12,25
2013-02-13,25
2013-02-14,27
2013-02-15,27
2013-02-16,27
2013-02-17,27
2013-02-18,27
2013-02-19,29
2013-02-20,30
2013-02-21,30
2013-02-22,30
2013-02-23,30
2013-02-24,30
2013-02-25,30
2013-02-26,31
2013-02-27,31
2013-02-28,33
2013-03-01,35
2013-03-02,34
2013-03-03,34
2013-03-04,36
2013-03-05,41
2013-03-06,43
2013-03-07,42
2013-03-08,44
2013-03-09,47
2013-03-10,46
2013-03-11,48
2013-03-12,44
2013-03-13,47
2013-03-14,47
2013-03-15,47
2013-03-16,47
2013-03-17,47
2013-03-18,51
2013-03-19,59
2013-03-20,64
2013-03-21,71
2013-03-22,70
2013-03-23,64
2013-03-24,72
2013-03-25,74
2013-03-26,79
2013-03-27,89
2013-03-28,88
2013-03-29,90
2013-03-30,92
2013-03-31,94
2013-04-01,104
2013-04-02,117
2013-04-03,131
2013-04-04,133
2013-04-05,143
2013-04-06,143
2013-04-07,163
2013-04-08,186
2013-04-09,231
2013-04-10,161
2013-04-11,83
2013-04-12,111
2013-04-13,98
2013-04-14,89
2013-04-15,81
2013-04-16,68
2013-04-17,93
2013-04-18,109
2013-04-19,119
2013-04-20,128
2013-04-21,118
2013-04-22,126
2013-04-23,142
2013-04-24,154
2013-04-25,141
2013-04-26,137
2013-04-27,128
2013-04-28,135
2013-04-29,144
2013-04-30,139
2013-05-01,116
2013-05-02,106
2013-05-03,96
2013-05-04,112
2013-05-05,116
2013-05-06,112
2013-05-07,112
2013-05-08,113
2013-05-09,112
2013-05-10,118
2013-05-11,115
2013-05-12,115
2013-05-13,117
2013-05-14,108
2013-05-15,109
2013-05-16,113
2013-05-17,117
2013-05-18,118
2013-05-19,117
2013-05-20,118
2013-05-21,117
2013-05-22,119
2013-05-23,124
2013-05-24,129
2013-05-25,129
2013-05-26,130
2013-05-27,126
2013-05-28,126
2013-05-29,130
2013-05-30,127
2013-05-31,128
2013-06-01,129
2013-06-02,123
2013-06-03,123
2013-06-04,120
2013-06-05,121
2013-06-06,119
2013-06-07,110
2013-06-08,109
2013-06-09,100
2013-06-10,104
2013-06-11,108
2013-06-12,106
2013-06-13,101
2013-06-14,99
2013-06-15,100
2013-06-16,99
2013-06-17,100
2013-06-18,104
2013-06-19,104
2013-06-20,104
2013-06-21,101
2013-06-22,100
2013-06-23,100
2013-06-24,99
2013-06-25,98
2013-06-26,99
2013-06-27,97
2013-06-28,89
2013-06-29,89
2013-06-30,89
2013-07-01,83
2013-07-02,88
2013-07-03,78
2013-07-04,79
2013-07-05,67
2013-07-06,66
2013-07-07,72
2013-07-08,74
2013-07-09,75
2013-07-10,85
2013-07-11,87
2013-07-12,90
2013-07-13,92
2013-07-14,90
2013-07-15,94
2013-07-16,92
2013-07-17,91
2013-07-18,85
2013-07-19,86
2013-07-20,85
2013-07-21,86
2013-07-22,86
2013-07-23,87
2013-07-24,88
2013-07-25,90
2013-07-26,90
2013-07-27,88
2013-07-28,93
2013-07-29,93
2013-07-30,97
2013-07-31,98
2013-08-01,97
2013-08-02,96
2013-08-03,96
2013-08-04,96
2013-08-05,98
2013-08-06,98
2013-08-07,97
2013-08-08,94
2013-08-09,92
2013-08-10,93
2013-08-11,94
2013-08-12,95
2013-08-13,98
2013-08-14,99
2013-08-15,98
2013-08-16,98
2013-08-17,100
2013-08-18,99
2013-08-19,103
2013-08-20,105
2013-08-21,111
2013-08-22,110
2013-08-23,108
2013-08-24,109
2013-08-25,113
2013-08-26,112
2013-08-27,118
2013-08-28,118
2013-08-29,119
2013-08-30,125
2013-08-31,128
2013-09-01,131
2013-09-02,130
2013-09-03,129
2013-09-04,123
2013-09-05,122
2013-09-06,118
2013-09-07,120
2013-09-08,118
2013-09-09,121
2013-09-10,122
2013-09-11,127
2013-09-12,127
2013-09-13,127
2013-09-14,124
2013-09-15,125
2013-09-16,126
2013-09-17,127
2013-09-18,127
2013-09-19,124
2013-09-20,123
2013-09-21,124
2013-09-22,123
2013-09-23,123
2013-09-24,124
2013-09-25,124
2013-09-26,125
2013-09-27,127
2013-09-28,127
2013-09-29,127
2013-09-30,126
2013-10-01,128
2013-10-02,104
2013-10-03,118
2013-10-04,122
2013-10-05,121
2013-10-06,122
2013-10-07,124
2013-10-08,125
2013-10-09,126
2013-10-10,127
2013-10-11,127
2013-10-12,128
2013-10-13,132
2013-10-14,135
2013-10-15,141
2013-10-16,138
2013-10-17,144
2013-10-18,153
2013-10-19,166
2013-10-20,167
2013-10-21,180
2013-10-22,190
2013-10-23,205
2013-10-24,194
2013-10-25,186
2013-10-26,180
2013-10-27,195
2013-10-28,196
2013-10-29,204
2013-10-30,198
2013-10-31,203
2013-11-01,203
2013-11-02,205
2013-11-03,210
2013-11-04,229
2013-11-05,244
2013-11-06,263
2013-11-07,290
2013-11-08,334
2013-11-09,331
2013-11-10,328
2013-11-11,343
2013-11-12,355
2013-11-13,395
2013-11-14,417
2013-11-15,408
2013-11-16,436
2013-11-17,485
2013-11-18,658
2013-11-19,547
2013-11-20,595
2013-11-21,721
2013-11-22,803
2013-11-23,834
2013-11-24,807
2013-11-25,816
2013-11-26,916
2013-11-27,963
2013-11-28,1007
2013-11-29,1129
2013-11-30,1119
2013-12-01,964
2013-12-02,1041
2013-12-03,1054
2013-12-04,1135
2013-12-05,1027
2013-12-06,825
2013-12-07,704
2013-12-08,784
2013-12-09,896
2013-12-10,977
2013-12-11,875
2013-12-12,873
2013-12-13,879
2013-12-14,853
2013-12-15,864
2013-12-16,678
2013-12-17,683
2013-12-18,526
2013-12-19,686
2013-12-20,600
2013-12-21,597
2013-12-22,615
2013-12-23,658
2013-12-24,651
2013-12-25,678
2013-12-26,750
2013-12-27,723
2013-12-28,716
2013-12-29,727
2013-12-30,736
2013-12-31,730
2014-01-01,752
2014-01-02,785
2014-01-03,807
2014-01-04,829
2014-01-05,902
2014-01-06,914
2014-01-07,803
2014-01-08,821
2014-01-09,831
2014-01-10,853
2014-01-11,890
2014-01-12,845
2014-01-13,823
2014-01-14,815
2014-01-15,841
2014-01-16,816
2014-01-17,793
2014-01-18,810
2014-01-19,838
2014-01-20,829
2014-01-21,824
2014-01-22,819
2014-01-23,811
2014-01-24,781
2014-01-25,804
2014-01-26,814
2014-01-27,743
2014-01-28,790
2014-01-29,793
2014-01-30,799
2014-01-31,803
2014-02-01,813
2014-02-02,814
2014-02-03,807
2014-02-04,800
2014-02-05,784
2014-02-06,764
2014-02-07,712
2014-02-08,678
2014-02-09,687
2014-02-10,685
2014-02-11,672
2014-02-12,654
2014-02-13,613
2014-02-14,669
2014-02-15,654
2014-02-16,623
2014-02-17,631
2014-02-18,627
2014-02-19,624
2014-02-20,564
2014-02-21,580
2014-02-22,607
2014-02-23,610
2014-02-24,542
2014-02-25,534
2014-02-26,588
2014-02-27,585
2014-02-28,551
2014-03-01,568
2014-03-02,559
2014-03-03,677
2014-03-04,675
2014-03-05,670
2014-03-06,668
2014-03-07,632
2014-03-08,622
2014-03-09,641
2014-03-10,628
2014-03-11,634
2014-03-12,635
2014-03-13,643
2014-03-14,628
2014-03-15,636
2014-03-16,634
2014-03-17,623
2014-03-18,614
2014-03-19,611
2014-03-20,587
2014-03-21,570
2014-03-22,565
2014-03-23,559
2014-03-24,585
2014-03-25,584
2014-03-26,579
2014-03-27,483
2014-03-28,499
2014-03-29,490
2014-03-30,459
2014-03-31,455
2014-04-01,479
2014-04-02,439
2014-04-03,449
2014-04-04,450
2014-04-05,462
2014-04-06,459
2014-04-07,449
2014-04-08,453
2014-04-09,443
2014-04-10,367
2014-04-11,422
2014-04-12,424
2014-04-13,416
2014-04-14,461
2014-04-15,522
2014-04-16,531
2014-04-17,500
2014-04-18,483
2014-04-19,504
2014-04-20,502
2014-04-21,498
2014-04-22,490
2014-04-23,491
2014-04-24,503
2014-04-25,466
2014-04-26,459
2014-04-27,439
2014-04-28,442
2014-04-29,448
2014-04-30,449
2014-05-01,460
2014-05-02,452
2014-05-03,439
2014-05-04,437
2014-05-05,432
2014-05-06,430
2014-05-07,442
2014-05-08,440
2014-05-09,453
2014-05-10,457
2014-05-11,439
2014-05-12,441
2014-05-13,439
2014-05-14,445
2014-05-15,447
2014-05-16,449
2014-05-17,449
2014-05-18,447
2014-05-19,447
2014-05-20,490
2014-05-21,494
2014-05-22,527
2014-05-23,524
2014-05-24,528
2014-05-25,573
2014-05-26,585
2014-05-27,574
2014-05-28,579
2014-05-29,570
2014-05-30,621
2014-05-31,628
2014-06-01,630
2014-06-02,664
2014-06-03,672
2014-06-04,644
2014-06-05,662
2014-06-06,650
2014-06-07,657
2014-06-08,658
2014-06-09,648
2014-06-10,651
2014-06-11,631
2014-06-12,592
2014-06-13,597
2014-06-14,576
2014-06-15,590
2014-06-16,591
2014-06-17,609
2014-06-18,608
2014-06-19,596
2014-06-20,592
2014-06-21,593
2014-06-22,600
2014-06-23,590
2014-06-24,580
2014-06-25,562
2014-06-26,581
2014-06-27,601
2014-06-28,594
2014-06-29,601
2014-06-30,639
2014-07-01,643
2014-07-02,651
2014-07-03,646
2014-07-04,631
2014-07-05,630
2014-07-06,635
2014-07-07,623
2014-07-08,625
2014-07-09,622
2014-07-10,617
2014-07-11,634
2014-07-12,637
2014-07-13,630
2014-07-14,619
2014-07-15,622
2014-07-16,616
2014-07-17,624
2014-07-18,631
2014-07-19,629
2014-07-20,625
2014-07-21,621
2014-07-22,620
2014-07-23,620
2014-07-24,603
2014-07-25,602
2014-07-26,595
2014-07-27,592
2014-07-28,587
2014-07-29,584
2014-07-30,563
2014-07-31,582
2014-08-01,597
2014-08-02,590
2014-08-03,587
2014-08-04,588
2014-08-05,582
2014-08-06,582
2014-08-07,586
2014-08-08,589
2014-08-09,589
2014-08-10,589
2014-08-11,573
2014-08-12,568
2014-08-13,548
2014-08-14,505
2014-08-15,500
2014-08-16,522
2014-08-17,498
2014-08-18,469
2014-08-19,487
2014-08-20,515
2014-08-21,519
2014-08-22,516
2014-08-23,497
2014-08-24,508
2014-08-25,502
2014-08-26,512
2014-08-27,510
2014-08-28,506
2014-08-29,509
2014-08-30,501
2014-08-31,479
2014-09-01,475
2014-09-02,474
2014-09-03,474
2014-09-04,490
2014-09-05,479
2014-09-06,481
2014-09-07,478
2014-09-08,469
2014-09-09,474
2014-09-10,478
2014-09-11,477
2014-09-12,474
2014-09-13,478
2014-09-14,476
2014-09-15,473
2014-09-16,464
2014-09-17,456
2014-09-18,427
2014-09-19,394
2014-09-20,411
2014-09-21,400
2014-09-22,401
2014-09-23,438
2014-09-24,424
2014-09-25,410
2014-09-26,405
2014-09-27,401
2014-09-28,376
2014-09-29,373
2014-09-30,389
2014-10-01,383
2014-10-02,373
2014-10-03,358
2014-10-04,329
2014-10-05,323
2014-10-06,327
2014-10-07,334
2014-10-08,354
2014-10-09,362
2014-10-10,359
2014-10-11,362
2014-10-12,378
2014-10-13,392
2014-10-14,401
2014-10-15,395
2014-10-16,382
2014-10-17,382
2014-10-18,391
2014-10-19,389
2014-10-20,381
2014-10-21,385
2014-10-22,381
2014-10-23,357
2014-10-24,357
2014-10-25,346
2014-10-26,353
2014-10-27,350
2014-10-28,355
2014-10-29,334
2014-10-30,345
2014-10-31,337
2014-11-01,324
2014-11-02,324
2014-11-03,325
2014-11-04,330
2014-11-05,339
2014-11-06,350
2014-11-07,342
2014-11-08,346
2014-11-09,364
2014-11-10,366
2014-11-11,368
2014-11-12,423
2014-11-13,422
2014-11-14,398
2014-11-15,378
2014-11-16,390
2014-11-17,388
2014-11-18,374
2014-11-19,378
2014-11-20,356
2014-11-21,351
2014-11-22,352
2014-11-23,368
2014-11-24,377
2014-11-25,377
2014-11-26,368
2014-11-27,370
2014-11-28,378
2014-11-29,376
2014-11-30,379
2014-12-01,379
2014-12-02,383
2014-12-03,376
2014-12-04,369
2014-12-05,378
2014-12-06,375
2014-12-07,377
2014-12-08,363
2014-12-09,351
2014-12-10,348
2014-12-11,349
2014-12-12,353
2014-12-13,349
2014-12-14,356
2014-12-15,347
2014-12-16,329
2014-12-17,320
2014-12-18,314
2014-12-19,318
2014-12-20,330
2014-12-21,321
2014-12-22,332
2014-12-23,336
2014-12-24,323
2014-12-25,319
2014-12-26,329
2014-12-27,316
2014-12-28,317
2014-12-29,313
2014-12-30,310
2014-12-31,321
2015-01-01,315
2015-01-02,316
2015-01-03,286
2015-01-04,263
2015-01-05,275
2015-01-06,288
2015-01-07,298
2015-01-08,284
2015-01-09,293
2015-01-10,276
2015-01-11,269
2015-01-12,269
2015-01-13,224
2015-01-14,176
2015-01-15,212
2015-01-16,208
2015-01-17,200
2015-01-18,211
2015-01-19,217
2015-01-20,212
2015-01-21,228
2015-01-22,234
2015-01-23,233
2015-01-24,249
2015-01-25,255
2015-01-26,274
2015-01-27,265
2015-01-28,236
2015-01-29,234
2015-01-30,229
2015-01-31,217
2015-02-01,227
2015-02-02,240
2015-02-03,228
2015-02-04,227
2015-02-05,217
2015-02-06,223
2015-02-07,229
2015-02-08,224
2015-02-09,221
2015-02-10,221
2015-02-11,219
2015-02-12,223
2015-02-13,237
2015-02-14,258
2015-02-15,234
2015-02-16,235
2015-02-17,244
2015-02-18,236
2015-02-19,242
2015-02-20,246
2015-02-21,246
2015-02-22,237
2015-02-23,239
2015-02-24,240
2015-02-25,238
2015-02-26,237
2015-02-27,255
2015-02-28,255
2015-03-01,261
2015-03-02,276
2015-03-03,283
2015-03-04,273
2015-03-05,276
2015-03-06,273
2015-03-07,276
2015-03-08,275
2015-03-09,290
2015-03-10,292
2015-03-11,297
2015-03-12,296
2015-03-13,286
2015-03-14,284
2015-03-15,287
2015-03-16,291
2015-03-17,285
2015-03-18,257
2015-03-19,262
2015-03-20,263
2015-03-21,261
2015-03-22,269
2015-03-23,267
2015-03-24,247
2015-03-25,247
2015-03-26,250
2015-03-27,247
2015-03-28,253
2015-03-29,243
2015-03-30,248
2015-03-31,245
2015-04-01,247
2015-04-02,254
2015-04-03,255
2015-04-04,254
2015-04-05,261
2015-04-06,256
2015-04-07,255
2015-04-08,246
2015-04-09,244
2015-04-10,236
2015-04-11,237
2015-04-12,237
2015-04-13,226
2015-04-14,220
2015-04-15,223
2015-04-16,228
2015-04-17,223
2015-04-18,223
2015-04-19,223
2015-04-20,225
2015-04-21,235
2015-04-22,234
2015-04-23,236
2015-04-24,231
2015-04-25,226
2015-04-26,221
2015-04-27,227
2015-04-28,226
2015-04-29,226
2015-04-30,236
2015-05-01,233
2015-05-02,236
2015-05-03,240
2015-05-04,239
2015-05-05,236
2015-05-06,229
2015-05-07,237
2015-05-08,244
2015-05-09,243
2015-05-10,241
2015-05-11,242
2015-05-12,242
2015-05-13,237
2015-05-14,237
2015-05-15,237
2015-05-16,236
2015-05-17,237
2015-05-18,233
2015-05-19,232
2015-05-20,234
2015-05-21,236
2015-05-22,240
2015-05-23,239
2015-05-24,241
2015-05-25,237
2015-05-26,237
2015-05-27,237
2015-05-28,237
2015-05-29,237
2015-05-30,233
2015-05-31,229
2015-06-01,223
2015-06-02,225
2015-06-03,225
2015-06-04,224
2015-06-05,225
2015-06-06,225
2015-06-07,223
2015-06-08,229
2015-06-09,229
2015-06-10,229
2015-06-11,230
2015-06-12,230
2015-06-13,233
2015-06-14,233
2015-06-15,237
2015-06-16,251
2015-06-17,248
2015-06-18,249
2015-06-19,245
2015-06-20,246
2015-06-21,244
2015-06-22,247
2015-06-23,244
2015-06-24,240
2015-06-25,242
2015-06-26,243
2015-06-27,252
2015-06-28,249
2015-06-29,257
2015-06-30,264
2015-07-01,258
2015-07-02,255
2015-07-03,256
2015-07-04,261
2015-07-05,271
2015-07-06,269
2015-07-07,266
2015-07-08,271
2015-07-09,270
2015-07-10,286
2015-07-11,294
2015-07-12,311
2015-07-13,293
2015-07-14,288
2015-07-15,286
2015-07-16,279
2015-07-17,280
2015-07-18,277
2015-07-19,275
2015-07-20,279
2015-07-21,277
2015-07-22,278
2015-07-23,277
2015-07-24,289
2015-07-25,290
2015-07-26,293
2015-07-27,294
2015-07-28,295
2015-07-29,290
2015-07-30,288
2015-07-31,285
2015-08-01,282
2015-08-02,282
2015-08-03,282
2015-08-04,285
2015-08-05,282
2015-08-06,279
2015-08-07,279
2015-08-08,261
2015-08-09,266
2015-08-10,265
2015-08-11,271
2015-08-12,268
2015-08-13,265
2015-08-14,266
2015-08-15,262
2015-08-16,259
2015-08-17,258
2015-08-18,218
2015-08-19,227
2015-08-20,236
2015-08-21,233
2015-08-22,231
2015-08-23,229
2015-08-24,212
2015-08-25,223
2015-08-26,226
2015-08-27,225
2015-08-28,232
2015-08-29,230
2015-08-30,229
2015-08-31,231
2015-09-01,228
2015-09-02,230
2015-09-03,227
2015-09-04,231
2015-09-05,236
2015-09-06,241
2015-09-07,241
2015-09-08,244
2015-09-09,239
2015-09-10,239
2015-09-11,241
2015-09-12,236
2015-09-13,231
2015-09-14,231
2015-09-15,230
2015-09-16,229
2015-09-17,233
2015-09-18,233
2015-09-19,232
2015-09-20,231
2015-09-21,227
2015-09-22,231
2015-09-23,230
2015-09-24,234
2015-09-25,236
2015-09-26,235
2015-09-27,233
2015-09-28,240
2015-09-29,237
2015-09-30,237
2015-10-01,238
2015-10-02,238
2015-10-03,240
2015-10-04,240
2015-10-05,241
2015-10-06,247
2015-10-07,244
2015-10-08,243
2015-10-09,244
2015-10-10,246
2015-10-11,249
2015-10-12,246
2015-10-13,250
2015-10-14,253
2015-10-15,255
2015-10-16,263
2015-10-17,272
2015-10-18,263
2015-10-19,264
2015-10-20,271
2015-10-21,268
2015-10-22,275
2015-10-23,279
2015-10-24,284
2015-10-25,286
2015-10-26,287
2015-10-27,296
2015-10-28,304
2015-10-29,315
2015-10-30,328
2015-10-31,314
2015-11-01,330
2015-11-02,365
2015-11-03,401
2015-11-04,405
2015-11-05,384
2015-11-06,373
2015-11-07,387
2015-11-08,372
2015-11-09,380
2015-11-10,338
2015-11-11,309
2015-11-12,338
2015-11-13,337
2015-11-14,333
2015-11-15,320
2015-11-16,331
2015-11-17,336
2015-11-18,336
2015-11-19,326
2015-11-20,322
2015-11-21,326
2015-11-22,324
2015-11-23,323
2015-11-24,320
2015-11-25,329
2015-11-26,356
2015-11-27,359
2015-11-28,357
2015-11-29,372
2015-11-30,377
2015-12-01,363
2015-12-02,359
2015-12-03,361
2015-12-04,363
2015-12-05,389
2015-12-06,393
2015-12-07,395
2015-12-08,414
2015-12-09,418
2015-12-10,416
2015-12-11,454
2015-12-12,436
2015-12-13,434
2015-12-14,443
2015-12-15,465
2015-12-16,454
2015-12-17,456
2015-12-18,463
2015-12-19,461
2015-12-20,442
2015-12-21,438
2015-12-22,435
2015-12-23,443
2015-12-24,456
2015-12-25,456
2015-12-26,418
2015-12-27,423
2015-12-28,421
2015-12-29,431
2015-12-30,426
2015-12-31,430
2016-01-01,435
2016-01-02,434
2016-01-03,430
2016-01-04,433
2016-01-05,433
2016-01-06,431
2016-01-07,459
2016-01-08,454
2016-01-09,450
2016-01-10,449
2016-01-11,449
2016-01-12,442
2016-01-13,432
2016-01-14,430
2016-01-15,368
2016-01-16,388
2016-01-17,382
2016-01-18,385
2016-01-19,378
2016-01-20,421
2016-01-21,409
2016-01-22,381
2016-01-23,386
2016-01-24,403
2016-01-25,392
2016-01-26,391
2016-01-27,395
2016-01-28,379
2016-01-29,379
2016-01-30,377
2016-01-31,366
2016-02-01,371
2016-02-02,373
2016-02-03,368
2016-02-04,390
2016-02-05,384
2016-02-06,375
2016-02-07,375
2016-02-08,371
2016-02-09,374
2016-02-10,379
2016-02-11,378
2016-02-12,382
2016-02-13,390
2016-02-14,406
2016-02-15,399
2016-02-16,407
2016-02-17,415
2016-02-18,421
2016-02-19,420
2016-02-20,440
2016-02-21,439
2016-02-22,438
2016-02-23,420
2016-02-24,424
2016-02-25,424
2016-02-26,432
2016-02-27,433
2016-02-28,433
2016-02-29,438
2016-03-01,433
2016-03-02,423
2016-03-03,419
2016-03-04,408
2016-03-05,397
2016-03-06,404
2016-03-07,413
2016-03-08,411
2016-03-09,413
2016-03-10,416
2016-03-11,420
2016-03-12,410
2016-03-13,412
2016-03-14,415
2016-03-15,415
2016-03-16,417
2016-03-17,419
2016-03-18,409
2016-03-19,409
2016-03-20,412
2016-03-21,412
2016-03-22,417
2016-03-23,417
2016-03-24,414
2016-03-25,416
2016-03-26,417
2016-03-27,425
2016-03-28,423
2016-03-29,416
2016-03-30,413
2016-03-31,416
2016-04-01,417
2016-04-02,420
2016-04-03,420
2016-04-04,420
2016-04-05,423
2016-04-06,422
2016-04-07,421
2016-04-08,419
2016-04-09,419
2016-04-10,422
2016-04-11,423
2016-04-12,427
2016-04-13,425
2016-04-14,426
2016-04-15,431
2016-04-16,432
2016-04-17,429
2016-04-18,430
2016-04-19,438
2016-04-20,443
2016-04-21,452
2016-04-22,448
2016-04-23,454
2016-04-24,463
2016-04-25,465
2016-04-26,470
2016-04-27,446
2016-04-28,451
2016-04-29,457
2016-04-30,450
2016-05-01,455
2016-05-02,445
2016-05-03,452
2016-05-04,448
2016-05-05,449
2016-05-06,462
2016-05-07,461
2016-05-08,461
2016-05-09,463
2016-05-10,451
2016-05-11,454
2016-05-12,456
2016-05-13,457
2016-05-14,458
2016-05-15,461
2016-05-16,455
2016-05-17,454
2016-05-18,454
2016-05-19,438
2016-05-20,442
2016-05-21,444
2016-05-22,441
2016-05-23,444
2016-05-24,446
2016-05-25,451
2016-05-26,454
2016-05-27,472
2016-05-28,531
2016-05-29,528
2016-05-30,533
2016-05-31,531
2016-06-01,538
2016-06-02,539
2016-06-03,570
2016-06-04,574
2016-06-05,575
2016-06-06,586
2016-06-07,578
2016-06-08,583
2016-06-09,577
2016-06-10,580
2016-06-11,605
2016-06-12,670
2016-06-13,704
2016-06-14,685
2016-06-15,695
2016-06-16,767
2016-06-17,750
2016-06-18,758
2016-06-19,767
2016-06-20,722
2016-06-21,670
2016-06-22,595
2016-06-23,628
2016-06-24,664
2016-06-25,669
2016-06-26,630
2016-06-27,652
2016-06-28,647
2016-06-29,639
2016-06-30,674
2016-07-01,678
2016-07-02,703
2016-07-03,663
2016-07-04,680
2016-07-05,668
2016-07-06,678
2016-07-07,640
2016-07-08,665
2016-07-09,652
2016-07-10,650
2016-07-11,650
2016-07-12,670
2016-07-13,658
2016-07-14,661
2016-07-15,667
2016-07-16,665
2016-07-17,681
2016-07-18,675
2016-07-19,675
2016-07-20,667
2016-07-21,667
2016-07-22,651
2016-07-23,657
2016-07-24,661
2016-07-25,655
2016-07-26,655
2016-07-27,656
2016-07-28,656
2016-07-29,658
2016-07-30,655
2016-07-31,625
2016-08-01,607
2016-08-02,527
2016-08-03,570
2016-08-04,584
2016-08-05,581
2016-08-06,591
2016-08-07,595
2016-08-08,592
2016-08-09,588
2016-08-10,590
2016-08-11,590
2016-08-12,587
2016-08-13,585
2016-08-14,571
2016-08-15,567
2016-08-16,578
2016-08-17,574
2016-08-18,573
2016-08-19,574
2016-08-20,582
2016-08-21,581
2016-08-22,585
2016-08-23,583
2016-08-24,579
2016-08-25,576
2016-08-26,579
2016-08-27,570
2016-08-28,575
2016-08-29,573
2016-08-30,576
2016-08-31,572
2016-09-01,572
2016-09-02,577
2016-09-03,600
2016-09-04,611
2016-09-05,608
2016-09-06,613
2016-09-07,616
2016-09-08,631
2016-09-09,623
2016-09-10,625
2016-09-11,608
2016-09-12,608
2016-09-13,609
2016-09-14,609
2016-09-15,607
2016-09-16,608
2016-09-17,607
2016-09-18,612
2016-09-19,609
2016-09-20,608
2016-09-21,597
2016-09-22,596
2016-09-23,602
2016-09-24,603
2016-09-25,601
2016-09-26,607
2016-09-27,605
2016-09-28,605
2016-09-29,605
2016-09-30,609
2016-10-01,615
2016-10-02,612
2016-10-03,613
2016-10-04,610
2016-10-05,612
2016-10-06,612
2016-10-07,618
2016-10-08,619
2016-10-09,617
2016-10-10,618
2016-10-11,643
2016-10-12,637
2016-10-13,635
2016-10-14,640
2016-10-15,637
2016-10-16,643
2016-10-17,639
2016-10-18,636
2016-10-19,630
2016-10-20,629
2016-10-21,631
2016-10-22,655
2016-10-23,652
2016-10-24,650
2016-10-25,656
2016-10-26,675
2016-10-27,687
2016-10-28,690
2016-10-29,715
2016-10-30,699
2016-10-31,699
2016-11-01,731
2016-11-02,740
2016-11-03,690
2016-11-04,705
2016-11-05,707
2016-11-06,716
2016-11-07,706
2016-11-08,712
2016-11-09,722
2016-11-10,713
2016-11-11,716
2016-11-12,704
2016-11-13,704
2016-11-14,706
2016-11-15,712
2016-11-16,742
2016-11-17,735
2016-11-18,750
2016-11-19,751
2016-11-20,730
2016-11-21,737
2016-11-22,748
2016-11-23,741
2016-11-24,737
2016-11-25,740
2016-11-26,735
2016-11-27,728
2016-11-28,730
2016-11-29,732
2016-11-30,742
2016-12-01,754
2016-12-02,772
2016-12-03,766
2016-12-04,766
2016-12-05,753
2016-12-06,759
2016-12-07,765
2016-12-08,768
2016-12-09,772
2016-12-10,775
2016-12-11,770
2016-12-12,779
2016-12-13,779
2016-12-14,777
2016-12-15,776
2016-12-16,782
2016-12-17,790
2016-12-18,791
2016-12-19,790
2016-12-20,800
2016-12-21,828
2016-12-22,859
2016-12-23,916
2016-12-24,891
2016-12-25,896
2016-12-26,903
2016-12-27,926
2016-12-28,980
2016-12-29,973
2016-12-30,961
2016-12-31,969
2017-01-01,997
2017-01-02,1017
2017-01-03,1033
2017-01-04,1134
2017-01-05,1000
2017-01-06,892
2017-01-07,903
2017-01-08,912
2017-01-09,904
2017-01-10,906
2017-01-11,788
2017-01-12,807
2017-01-13,827
2017-01-14,820
2017-01-15,825
2017-01-16,831
2017-01-17,906
2017-01-18,881
2017-01-19,902
2017-01-20,895
2017-01-21,924
2017-01-22,922
2017-01-23,919
2017-01-24,888
2017-01-25,896
2017-01-26,917
2017-01-27,920
2017-01-28,923
2017-01-29,916
2017-01-30,920
2017-01-31,968
2017-02-01,988
2017-02-02,1008
2017-02-03,1015
2017-02-04,1034
2017-02-05,1015
2017-02-06,1023
2017-02-07,1054
2017-02-08,1052
2017-02-09,983
2017-02-10,997
2017-02-11,1011
2017-02-12,1006
2017-02-13,1000
2017-02-14,1012
2017-02-15,1014
2017-02-16,1037
2017-02-17,1059
2017-02-18,1061
2017-02-19,1059
2017-02-20,1089
2017-02-21,1129
2017-02-22,1130
2017-02-23,1189
2017-02-24,1185
2017-02-25,1152
2017-02-26,1182
2017-02-27,1194
2017-02-28,1188
2017-03-01,1228
2017-03-02,1263
2017-03-03,1289
2017-03-04,1269
2017-03-05,1276
2017-03-06,1282
2017-03-07,1234
2017-03-08,1152
2017-03-09,1193
2017-03-10,1099
2017-03-11,1177
2017-03-12,1232
2017-03-13,1239
2017-03-14,1247
2017-03-15,1259
2017-03-16,1178
2017-03-17,1072
2017-03-18,963
2017-03-19,1020
2017-03-20,1038
2017-03-21,1112
2017-03-22,1037
2017-03-23,1028
2017-03-24,935
2017-03-25,969
2017-03-26,963
2017-03-27,1043
2017-03-28,1045
2017-03-29,1040
2017-03-30,1038
2017-03-31,1082
2017-04-01,1090
2017-04-02,1106
2017-04-03,1145
2017-04-04,1142
2017-04-05,1136
2017-04-06,1195
2017-04-07,1192
2017-04-08,1184
2017-04-09,1214
2017-04-10,1212
2017-04-11,1230
2017-04-12,1216
2017-04-13,1173
2017-04-14,1174
2017-04-15,1176
2017-04-16,1174
2017-04-17,1192
2017-04-18,1202
2017-04-19,1210
2017-04-20,1236
2017-04-21,1247
2017-04-22,1244
2017-04-23,1250
2017-04-24,1257
2017-04-25,1280
2017-04-26,1296
2017-04-27,1346
2017-04-28,1348
2017-04-29,1358
2017-04-30,1382
2017-05-01,1437
2017-05-02,1464
2017-05-03,1519
2017-05-04,1540
2017-05-05,1530
2017-05-06,1573
2017-05-07,1526
2017-05-08,1685
2017-05-09,1719
2017-05-10,1782
2017-05-11,1835
2017-05-12,1705
2017-05-13,1780
2017-05-14,1795
2017-05-15,1737
2017-05-16,1757
2017-05-17,1809
2017-05-18,1894
2017-05-19,1968
2017-05-20,2048
2017-05-21,2045
2017-05-22,2079
2017-05-23,2257
2017-05-24,2415
2017-05-25,2320
2017-05-26,2279
2017-05-27,2044
2017-05-28,2226
2017-05-29,2285
2017-05-30,2167
2017-05-31,2299
2017-06-01,2400
2017-06-02,2479
2017-06-03,2550
2017-06-04,2525
2017-06-05,2685
2017-06-06,2871
2017-06-07,2707
2017-06-08,2803
2017-06-09,2805
2017-06-10,2916
2017-06-11,2974
2017-06-12,2665
2017-06-13,2707
2017-06-14,2444
2017-06-15,2410
2017-06-16,2476
2017-06-17,2653
2017-06-18,2508
2017-06-19,2590
2017-06-20,2733
2017-06-21,2639
2017-06-22,2687
2017-06-23,2686
2017-06-24,2562
2017-06-25,2498
2017-06-26,2426
2017-06-27,2530
2017-06-28,2563
2017-06-29,2540
2017-06-30,2453
2017-07-01,2412
2017-07-02,2519
2017-07-03,2552
2017-07-04,2600
2017-07-05,2608
2017-07-06,2603
2017-07-07,2496
2017-07-08,2553
2017-07-09,2506
2017-07-10,2319
2017-07-11,2319
2017-07-12,2375
2017-07-13,2344
2017-07-14,2215
2017-07-15,1990
2017-07-16,1911
2017-07-17,2216
2017-07-18,2304
2017-07-19,2257
2017-07-20,2824
2017-07-21,2666
2017-07-22,2830
2017-07-23,2753
2017-07-24,2755
2017-07-25,2559
2017-07-26,2522
2017-07-27,2665
2017-07-28,2794
2017-07-29,2706
2017-07-30,2749
2017-07-31,2863
2017-08-01,2727
2017-08-02,2690
2017-08-03,2790
2017-08-04,2860
2017-08-05,3237
2017-08-06,3230
2017-08-07,3393
2017-08-08,3426
2017-08-09,3347
2017-08-10,3437
2017-08-11,3661
2017-08-12,3871
2017-08-13,4064
2017-08-14,4305
2017-08-15,4160
2017-08-16,4365
2017-08-17,4309
2017-08-18,4109
2017-08-19,4160
2017-08-20,4086
2017-08-21,3993
2017-08-22,4074
2017-08-23,4147
2017-08-24,4326
2017-08-25,4353
2017-08-26,4342
2017-08-27,4345
2017-08-28,4380
2017-08-29,4600
2017-08-30,4587
2017-08-31,4740
2017-09-01,4918
2017-09-02,4595
2017-09-03,4625
2017-09-04,4375
2017-09-05,4454
2017-09-06,4608
2017-09-07,4635
2017-09-08,4345
2017-09-09,4336
2017-09-10,4262
2017-09-11,4213
2017-09-12,4164
2017-09-13,3887
2017-09-14,3247
2017-09-15,3699
2017-09-16,3711
2017-09-17,3712
2017-09-18,4080
2017-09-19,3926
2017-09-20,3896
2017-09-21,3617
2017-09-22,3619
2017-09-23,3776
2017-09-24,3677
2017-09-25,3919
2017-09-26,3890
2017-09-27,4208
2017-09-28,4188
2017-09-29,4155
2017-09-30,4335
2017-10-01,4382
2017-10-02,4387
2017-10-03,4307
2017-10-04,4217
2017-10-05,4319
2017-10-06,4366
2017-10-07,4439
2017-10-08,4601
2017-10-09,4778
2017-10-10,4741
2017-10-11,4815
2017-10-12,5394
2017-10-13,5614
2017-10-14,5786
2017-10-15,5690
2017-10-16,5756
2017-10-17,5590
2017-10-18,5584
2017-10-19,5708
2017-10-20,6001
2017-10-21,6030
2017-10-22,5997
2017-10-23,5888
2017-10-24,5518
2017-10-25,5736
2017-10-26,5900
2017-10-27,5772
2017-10-28,5762
2017-10-29,6175
2017-10-30,6119
2017-10-31,6429
2017-11-01,6726
2017-11-02,7044
2017-11-03,7199
2017-11-04,7420
2017-11-05,7371
2017-11-06,6985
2017-11-07,7118
2017-11-08,7451
2017-11-09,7118
2017-11-10,6621
2017-11-11,6347
2017-11-12,5829
2017-11-13,6519
2017-11-14,6592
2017-11-15,7257
2017-11-16,7834
2017-11-17,7729
2017-11-18,7796
2017-11-19,8018
2017-11-20,8270
2017-11-21,8092
2017-11-22,8250
2017-11-23,8072
2017-11-24,8232
2017-11-25,8760
2017-11-26,9320
2017-11-27,9731
2017-11-28,9932
2017-11-29,9800
2017-11-30,9997
2017-12-01,10809
2017-12-02,10935
2017-12-03,11214
2017-12-04,11562
2017-12-05,11737
2017-12-06,13992
2017-12-07,17032
2017-12-08,16298
2017-12-09,15050
2017-12-10,15475
2017-12-11,16873
2017-12-12,17434
2017-12-13,16515
2017-12-14,16603
2017-12-15,17702
2017-12-16,19641
2017-12-17,19250
2017-12-18,18982
2017-12-19,17653
2017-12-20,16454
2017-12-21,15634
2017-12-22,14306
2017-12-23,14911
2017-12-24,14026
2017-12-25,14081
2017-12-26,15727
2017-12-27,15389
2017-12-28,14289
2017-12-29,14572
2017-12-30,12949
2017-12-31,13921
2018-01-01,13465
2018-01-02,14754
2018-01-03,15010
2018-01-04,15070
2018-01-05,16997
2018-01-06,17104
2018-01-07,16232
2018-01-08,14937
2018-01-09,14379
2018-01-10,14669
2018-01-11,13187
2018-01-12,13789
2018-01-13,14231
2018-01-14,13681
2018-01-15,13592
2018-01-16,11431
2018-01-17,11160
2018-01-18,11246
2018-01-19,11440
2018-01-20,12768
2018-01-21,11422
2018-01-22,10737
2018-01-23,10849
2018-01-24,11226
2018-01-25,11130
2018-01-26,11036
2018-01-27,11321
2018-01-28,11616
2018-01-29,11133
2018-01-30,9960
2018-01-31,10050
2018-02-01,9040
2018-02-02,8786
2018-02-03,9132
2018-02-04,8251
2018-02-05,6850
2018-02-06,7739
2018-02-07,7625
2018-02-08,8219
2018-02-09,8660
2018-02-10,8530
2018-02-11,8097
2018-02-12,8908
2018-02-13,8524
2018-02-14,9467
2018-02-15,10107
2018-02-16,10189
2018-02-17,11086
2018-02-18,10452
2018-02-19,11139
2018-02-20,11246
2018-02-21,10459
2018-02-22,9878
2018-02-23,10159
2018-02-24,9687
2018-02-25,9603
2018-02-26,10312
2018-02-27,10654
2018-02-28,10307
2018-03-01,10924
2018-03-02,11014
2018-03-03,11426
2018-03-04,11463
2018-03-05,11541
2018-03-06,10677
2018-03-07,9903
2018-03-08,9330
2018-03-09,9278
2018-03-10,8787
2018-03-11,9514
2018-03-12,9148
2018-03-13,9161
2018-03-14,8222
2018-03-15,8269
2018-03-16,8377
2018-03-17,7882
2018-03-18,8189
2018-03-19,8537
2018-03-20,8896
2018-03-21,8880
2018-03-22,8711
2018-03-23,8772
2018-03-24,8611
2018-03-25,8441
2018-03-26,8171
2018-03-27,7837
2018-03-28,7934
2018-03-29,7109
2018-03-30,6832
2018-03-31,6922
2018-04-01,6805
2018-04-02,7033
2018-04-03,7421
2018-04-04,6781
2018-04-05,6798
2018-04-06,6610
2018-04-07,6886
2018-04-08,7010
2018-04-09,6737
2018-04-10,6817
2018-04-11,6945
2018-04-12,7904
2018-04-13,7919
2018-04-14,8006
2018-04-15,8342
2018-04-16,8047
2018-04-17,7888
2018-04-18,8163
2018-04-19,8273
2018-04-20,8840
2018-04-21,8864
2018-04-22,8801
2018-04-23,8931
2018-04-24,9652
2018-04-25,8856
2018-04-26,9265
2018-04-27,8981
2018-04-28,9342
2018-04-29,9397
2018-04-30,9229
2018-05-01,9072
2018-05-02,9204
2018-05-03,9751
2018-05-04,9697
2018-05-05,9796
2018-05-06,9595
2018-05-07,9340
2018-05-08,9212
2018-05-09,9293
2018-05-10,9038
2018-05-11,8420
2018-05-12,8486
2018-05-13,8696
2018-05-14,8671
2018-05-15,8488
2018-05-16,8328
2018-05-17,8051
2018-05-18,8233
2018-05-19,8229
2018-05-20,8511
2018-05-21,8399
2018-05-22,8008
2018-05-23,7521
2018-05-24,7576
2018-05-25,7425
2018-05-26,7326
2018-05-27,7338
2018-05-28,7111
2018-05-29,7454
2018-05-30,7375
2018-05-31,7479
2018-06-01,7520
2018-06-02,7637
2018-06-03,7702
2018-06-04,7487
2018-06-05,7611
2018-06-06,7651
2018-06-07,7666
2018-06-08,7623
2018-06-09,7556
2018-06-10,6745
2018-06-11,6849
2018-06-12,6527
2018-06-13,6307
2018-06-14,6630
2018-06-15,6400
2018-06-16,6495
2018-06-17,6451
2018-06-18,6704
2018-06-19,6733
2018-06-20,6753
2018-06-21,6720
2018-06-22,6060
2018-06-23,6174
2018-06-24,6146
2018-06-25,6244
2018-06-26,6096
2018-06-27,6139
2018-06-28,5859
2018-06-29,6221
2018-06-30,6376
2018-07-01,6361
2018-07-02,6608
2018-07-03,6498
2018-07-04,6579
2018-07-05,6535
2018-07-06,6598
2018-07-07,6738
2018-07-08,6705
2018-07-09,6664
2018-07-10,6309
2018-07-11,6378
2018-07-12,6159
2018-07-13,6209
2018-07-14,6255
2018-07-15,6348
2018-07-16,6711
2018-07-17,7321
2018-07-18,7376
2018-07-19,7467
2018-07-20,7327
2018-07-21,7411
2018-07-22,7399
2018-07-23,7716
2018-07-24,8398
2018-07-25,8203
2018-07-26,7914
2018-07-27,8174
2018-07-28,8190
2018-07-29,8230
2018-07-30,8172
2018-07-31,7725
2018-08-01,7597
2018-08-02,7543
2018-08-03,7411
2018-08-04,7002
2018-08-05,7032
2018-08-06,6930
2018-08-07,6723
2018-08-08,6267
2018-08-09,6558
2018-08-10,6136
2018-08-11,6314
2018-08-12,6315
2018-08-13,6266
2018-08-14,6185
2018-08-15,6270
2018-08-16,6291
2018-08-17,6563
2018-08-18,6399
2018-08-19,6491
2018-08-20,6273
2018-08-21,6473
2018-08-22,6365
2018-08-23,6516
2018-08-24,6698
2018-08-25,6745
2018-08-26,6690
2018-08-27,6839
2018-08-28,7093
2018-08-29,7033
2018-08-30,6967
2018-08-31,7025
2018-09-01,7192
2018-09-02,7287
2018-09-03,7257
2018-09-04,7359
2018-09-05,6791
2018-09-06,6488
2018-09-07,6409
2018-09-08,6188
2018-09-09,6249
2018-09-10,6295
2018-09-11,6278
2018-09-12,6328
2018-09-13,6491
2018-09-14,6495
2018-09-15,6524
2018-09-16,6497
2018-09-17,6259
2018-09-18,6340
2018-09-19,6384
2018-09-20,6499
2018-09-21,6741
2018-09-22,6705
2018-09-23,6703
2018-09-24,6577
2018-09-25,6416
2018-09-26,6463
2018-09-27,6678
2018-09-28,6623
2018-09-29,6584
2018-09-30,6604
2018-10-01,6562
2018-10-02,6509
2018-10-03,6464
2018-10-04,6545
2018-10-05,6585
2018-10-06,6550
2018-10-07,6565
2018-10-08,6605
2018-10-09,6590
2018-10-10,6529
2018-10-11,6159
2018-10-12,6192
2018-10-13,6198
2018-10-14,6183
2018-10-15,6443
2018-10-16,6462
2018-10-17,6443
2018-10-18,6396
2018-10-19,6383
2018-10-20,6408
2018-10-21,6415
2018-10-22,6408
2018-10-23,6396
2018-10-24,6414
2018-10-25,6402
2018-10-26,6404
2018-10-27,6409
2018-10-28,6407
2018-10-29,6263
2018-10-30,6272
2018-10-31,6306
2018-11-01,6343
2018-11-02,6348
2018-11-03,6332
2018-11-04,6420
2018-11-05,6403
2018-11-06,6441
2018-11-07,6501
2018-11-08,6407
2018-11-09,6331
2018-11-10,6353
2018-11-11,6335
2018-11-12,6321
2018-11-13,6268
2018-11-14,5574
2018-11-15,5539
2018-11-16,5496
2018-11-17,5501
2018-11-18,5555
2018-11-19,4792
2018-11-20,4318
2018-11-21,4549
2018-11-22,4304
2018-11-23,4290
2018-11-24,3806
2018-11-25,3947
2018-11-26,3700
2018-11-27,3777
2018-11-28,4208
2018-11-29,4239
2018-11-30,3973
2018-12-01,4148
2018-12-02,4099
2018-12-03,3844
2018-12-04,3893
2018-12-05,3710
2018-12-06,3512
2018-12-07,3373
2018-12-08,3408
2018-12-09,3540
2018-12-10,3414
2018-12-11,3353
2018-12-12,3423
2018-12-13,3260
2018-12-14,3199
2018-12-15,3185
2018-12-16,3195
2018-12-17,3499
2018-12-18,3660
2018-12-19,3698
2018-12-20,4068
2018-12-21,3839
2018-12-22,3965
2018-12-23,3943
2018-12-24,4040
2018-12-25,3762
2018-12-26,3808
2018-12-27,3585
2018-12-28,3881
2018-12-29,3823
2018-12-30,3825
2018-12-31,3687
2019-01-01,3808
2019-01-02,3898
2019-01-03,3784
2019-01-04,3828
2019-01-05,3799
2019-01-06,4046
2019-01-07,4001
2019-01-08,3993
2019-01-09,4004
2019-01-10,3628
2019-01-11,3624
2019-01-12,3617
2019-01-13,3509
2019-01-14,3667
2019-01-15,3581
2019-01-16,3607
2019-01-17,3640
2019-01-18,3609
2019-01-19,3687
2019-01-20,3538
2019-01-21,3536
2019-01-22,3577
2019-01-23,3552
2019-01-24,3568
2019-01-25,3561
2019-01-26,3557
2019-01-27,3538
2019-01-28,3435
2019-01-29,3396
2019-01-30,3438
2019-01-31,3410
2019-02-01,3445
2019-02-02,3462
2019-02-03,3413
2019-02-04,3411
2019-02-05,3426
2019-02-06,3368
2019-02-07,3359
2019-02-08,3612
2019-02-09,3621
2019-02-10,3642
2019-02-11,3591
2019-02-12,3588
2019-02-13,3576
2019-02-14,3562
2019-02-15,3565
2019-02-16,3585
2019-02-17,3623
2019-02-18,3866
2019-02-19,3895
2019-02-20,3932
2019-02-21,3892
2019-02-22,3948
2019-02-23,4110
2019-02-24,3754
2019-02-25,3822
2019-02-26,3796
2019-02-27,3799
2019-02-28,3793
2019-03-01,3811
2019-03-02,3810
2019-03-03,3782
2019-03-04,3698
2019-03-05,3840
2019-03-06,3852
2019-03-07,3856
2019-03-08,3839
2019-03-09,3910
2019-03-10,3904
2019-03-11,3852
2019-03-12,3859
2019-03-13,3852
2019-03-14,3854
2019-03-15,3902
2019-03-16,3990
2019-03-17,3967
2019-03-18,3969
2019-03-19,3996
2019-03-20,4031
2019-03-21,3976
2019-03-22,3984
2019-03-23,3982
2019-03-24,3971
2019-03-25,3908
2019-03-26,3918
2019-03-27,4027
2019-03-28,4011
2019-03-29,4089
2019-03-30,4092
2019-03-31,4094
2019-04-01,4138
2019-04-02,4904
2019-04-03,4960
2019-04-04,4911
2019-04-05,5033
2019-04-06,5044
2019-04-07,5189
2019-04-08,5283
2019-04-09,5196
2019-04-10,5312
2019-04-11,5051
2019-04-12,5083
2019-04-13,5075
2019-04-14,5157
2019-04-15,5043
2019-04-16,5206
2019-04-17,5226
2019-04-18,5279
2019-04-19,5290
2019-04-20,5314
2019-04-21,5296
2019-04-22,5384
2019-04-23,5545
2019-04-24,5432
2019-04-25,5128
2019-04-26,5150
2019-04-27,5182
2019-04-28,5149
2019-04-29,5149
2019-04-30,5267
2019-05-01,5315
2019-05-02,5393
2019-05-03,5658
2019-05-04,5775
2019-05-05,5728
2019-05-06,5692
2019-05-07,5826
2019-05-08,5932
2019-05-09,6150
2019-05-10,6357
2019-05-11,7325
2019-05-12,6943
2019-05-13,7799
2019-05-14,7956
2019-05-15,8215
2019-05-16,7862
2019-05-17,7327
2019-05-18,7278
2019-05-19,8220
2019-05-20,7981
2019-05-21,7984
2019-05-22,7668
2019-05-23,7897
2019-05-24,7987
2019-05-25,8062
2019-05-26,8732
2019-05-27,8817
2019-05-28,8719
2019-05-29,8655
2019-05-30,8272
2019-05-31,8556
2019-06-01,8555
2019-06-02,8744
2019-06-03,8173
2019-06-04,7650
2019-06-05,7799
2019-06-06,7777
2019-06-07,8024
2019-06-08,7940
2019-06-09,7634
2019-06-10,7993
2019-06-11,7922
2019-06-12,8147
2019-06-13,8233
2019-06-14,8698
2019-06-15,8851
2019-06-16,9020
2019-06-17,9341
2019-06-18,9047
2019-06-19,9285
2019-06-20,9547
2019-06-21,10083
2019-06-22,10685
2019-06-23,10794
2019-06-24,11004
2019-06-25,11726
2019-06-26,12863
2019-06-27,11110
2019-06-28,12358
2019-06-29,11944
2019-06-30,10843
2019-07-01,10570
2019-07-02,10766
2019-07-03,11952
2019-07-04,11177
2019-07-05,10998
2019-07-06,11208
2019-07-07,11456
2019-07-08,12320
2019-07-09,12579
2019-07-10,12107
2019-07-11,11295
2019-07-12,11813
2019-07-13,11347
2019-07-14,10283
2019-07-15,10926
2019-07-16,9471
2019-07-17,9675
2019-07-18,10680
2019-07-19,10532
2019-07-20,10863
2019-07-21,10590
2019-07-22,10319
2019-07-23,9867
2019-07-24,9793
2019-07-25,9897
2019-07-26,9837
2019-07-27,9447
2019-07-28,9530
2019-07-29,9504
2019-07-30,9589
2019-07-31,10059
2019-08-01,10400
2019-08-02,10530
2019-08-03,10810
2019-08-04,10987
2019-08-05,11790
2019-08-06,11423
2019-08-07,11967
2019-08-08,11938
2019-08-09,11858
2019-08-10,11304
2019-08-11,11530
2019-08-12,11385
2019-08-13,10867
2019-08-14,10024
2019-08-15,10310
2019-08-16,10373
2019-08-17,10207
2019-08-18,10331
2019-08-19,10885
2019-08-20,10771
2019-08-21,10097
2019-08-22,10120
2019-08-23,10414
2019-08-24,10147
2019-08-25,10100
2019-08-26,10363
2019-08-27,10168
2019-08-28,9725
2019-08-29,9482
2019-08-30,9578
2019-08-31,9605
2019-09-01,9763
2019-09-02,10377
2019-09-03,10619
2019-09-04,10577
2019-09-05,10580
2019-09-06,10331
2019-09-07,10495
2019-09-08,10407
2019-09-09,10332
2019-09-10,10086
2019-09-11,10142
2019-09-12,10403
2019-09-13,10345
2019-09-14,10363
2019-09-15,10306
2019-09-16,10258
2019-09-17,10196
2019-09-18,10161
2019-09-19,10268
2019-09-20,10170
2019-09-21,9986
2019-09-22,10047
2019-09-23,9693
2019-09-24,8614
2019-09-25,8424
2019-09-26,8092
2019-09-27,8187
2019-09-28,8202
2019-09-29,8065
2019-09-30,8282
2019-10-01,8315
2019-10-02,8363
2019-10-03,8254
2019-10-04,8166
2019-10-05,8142
2019-10-06,7855
2019-10-07,8226
2019-10-08,8190
2019-10-09,8598
2019-10-10,8578
2019-10-11,8290
2019-10-12,8324
2019-10-13,8291
2019-10-14,8346
2019-10-15,8161
2019-10-16,8004
2019-10-17,8072
2019-10-18,7959
2019-10-19,7948
2019-10-20,8214
2019-10-21,8212
2019-10-22,8029
2019-10-23,7458
2019-10-24,7454
2019-10-25,8657
2019-10-26,9250
2019-10-27,9558
2019-10-28,9319
2019-10-29,9431
2019-10-30,9183
2019-10-31,9155
2019-11-01,9251
2019-11-02,9300
2019-11-03,9210
2019-11-04,9418
2019-11-05,9331
2019-11-06,9355
2019-11-07,9211
2019-11-08,8791
2019-11-09,8811
2019-11-10,9043
2019-11-11,8713
2019-11-12,8789
2019-11-13,8767
2019-11-14,8645
2019-11-15,8466
2019-11-16,8478
2019-11-17,8505
2019-11-18,8184
2019-11-19,8117
2019-11-20,8077
2019-11-21,7612
2019-11-22,7278
2019-11-23,7325
2019-11-24,6943
2019-11-25,7139
2019-11-26,7165
2019-11-27,7527
2019-11-28,7436
2019-11-29,7748
2019-11-30,7556
2019-12-01,7418
2019-12-02,7318
2019-12-03,7306
2019-12-04,7215
2019-12-05,7404
2019-12-06,7534
2019-12-07,7512
2019-12-08,7529
2019-12-09,7340
2019-12-10,7232
2019-12-11,7200
2019-12-12,7193
2019-12-13,7245
2019-12-14,7071
2019-12-15,7111
2019-12-16,6882
2019-12-17,6609
2019-12-18,7285
2019-12-19,7146
2019-12-20,7184
2019-12-21,7140
2019-12-22,7479
2019-12-23,7322
2019-12-24,7236
2019-12-25,7191
2019-12-26,7195
2019-12-27,7237
2019-12-28,7307
2019-12-29,7392
2019-12-30,7229
2019-12-31,7167
2020-01-01,7171
2020-01-02,6947
2020-01-03,7315
2020-01-04,7343
2020-01-05,7346
2020-01-06,7766
2020-01-07,8136
2020-01-08,8060
2020-01-09,7817
2020-01-10,8130
2020-01-11,8032
2020-01-12,8165
2020-01-13,8122
2020-01-14,8830
2020-01-15,8811
2020-01-16,8719
2020-01-17,8913
2020-01-18,8928
2020-01-19,8687
2020-01-20,8636
2020-01-21,8731
2020-01-22,8648
2020-01-23,8366
2020-01-24,8423
2020-01-25,8345
2020-01-26,8574
2020-01-27,8902
2020-01-28,9297
2020-01-29,9312
2020-01-30,9509
2020-01-31,9357
2020-02-01,9382
2020-02-02,9339
2020-02-03,9280
2020-02-04,9162
2020-02-05,9628
2020-02-06,9739
2020-02-07,9800
2020-02-08,9911
2020-02-09,10151
2020-02-10,9872
2020-02-11,10272
2020-02-12,10360
2020-02-13,10235
2020-02-14,10362
2020-02-15,9912
2020-02-16,9952
2020-02-17,9683
2020-02-18,10195
2020-02-19,9636
2020-02-20,9614
2020-02-21,9702
2020-02-22,9675
2020-02-23,9973
2020-02-24,9648
2020-02-25,9344
2020-02-26,8799
2020-02-27,8779
2020-02-28,8751
2020-02-29,8582
2020-03-01,8542
2020-03-02,8906
2020-03-03,8769
2020-03-04,8756
2020-03-05,9063
2020-03-06,9147
2020-03-07,8898
2020-03-08,8110
2020-03-09,7896
2020-03-10,7910
2020-03-11,7939
2020-03-12,4959
2020-03-13,5628
2020-03-14,5145
2020-03-15,5359
2020-03-16,5013
2020-03-17,5417
2020-03-18,5392
2020-03-19,6204
2020-03-20,6174
2020-03-21,6176
2020-03-22,5831
2020-03-23,6486
2020-03-24,6775
2020-03-25,6690
2020-03-26,6754
2020-03-27,6491
2020-03-28,6232
2020-03-29,5905
2020-03-30,6437
2020-03-31,6432
2020-04-01,6643
2020-04-02,6793
2020-04-03,6752
2020-04-04,6860
2020-04-05,6791
2020-04-06,7298
2020-04-07,7188
2020-04-08,7372
2020-04-09,7300
2020-04-10,6860
2020-04-11,6883
2020-04-12,6979
2020-04-13,6864
2020-04-14,6876
2020-04-15,6625
2020-04-16,7128
2020-04-17,7081
2020-04-18,7263
2020-04-19,7150
2020-04-20,6853
2020-04-21,6870
2020-04-22,7124
2020-04-23,7489
2020-04-24,7506
2020-04-25,7538
2020-04-26,7684
2020-04-27,7777
2020-04-28,7770
2020-04-29,8762
2020-04-30,8652
2020-05-01,8856
2020-05-02,8977
2020-05-03,8897
2020-05-04,8882
2020-05-05,8986
2020-05-06,9267
2020-05-07,9994
2020-05-08,9859
2020-05-09,9577
2020-05-10,8715
2020-05-11,8592
2020-05-12,8817
2020-05-13,9323
2020-05-14,9801
2020-05-15,9327
2020-05-16,9395
2020-05-17,9683
2020-05-18,9727
2020-05-19,9754
2020-05-20,9516
2020-05-21,9069
2020-05-22,9162
2020-05-23,9184
2020-05-24,8806
2020-05-25,8909
2020-05-26,8835
2020-05-27,9169
2020-05-28,9568
2020-05-29,9432
2020-05-30,9692
2020-05-31,9434
2020-06-01,10199
2020-06-02,9512
2020-06-03,9642
2020-06-04,9813
2020-06-05,9642
2020-06-06,9669
2020-06-07,9748
2020-06-08,9769
2020-06-09,9779
2020-06-10,9888
2020-06-11,9277
2020-06-12,9456
2020-06-13,9461
2020-06-14,9343
2020-06-15,9441
2020-06-16,9520
2020-06-17,9449
2020-06-18,9390
2020-06-19,9286
2020-06-20,9357
2020-06-21,9285
2020-06-22,9685
2020-06-23,9612
2020-06-24,9293
2020-06-25,9247
2020-06-26,9159
2020-06-27,9002
2020-06-28,9108
2020-06-29,9184
2020-06-30,9144
2020-07-01,9241
2020-07-02,9094
2020-07-03,9067
2020-07-04,9126
2020-07-05,9080
2020-07-06,9339
2020-07-07,9252
2020-07-08,9435
2020-07-09,9232
2020-07-10,9285
2020-07-11,9237
2020-07-12,9289
2020-07-13,9237
2020-07-14,9260
2020-07-15,9197
2020-07-16,9133
2020-07-17,9156
2020-07-18,9176
2020-07-19,9219
2020-07-20,9167
2020-07-21,9389
2020-07-22,9531
2020-07-23,9609
2020-07-24,9548
2020-07-25,9702
2020-07-26,9934
2020-07-27,11047
2020-07-28,10945
2020-07-29,11116
2020-07-30,11135
2020-07-31,11338
2020-08-01,11798
2020-08-02,11094
2020-08-03,11236
2020-08-04,11203
2020-08-05,11721
2020-08-06,11769
2020-08-07,11599
2020-08-08,11743
2020-08-09,11681
2020-08-10,11870
2020-08-11,11393
2020-08-12,11576
2020-08-13,11773
2020-08-14,11774
2020-08-15,11867
2020-08-16,11900
2020-08-17,12316
2020-08-18,11993
2020-08-19,11737
2020-08-20,11868
2020-08-21,11525
2020-08-22,11682
2020-08-23,11666
2020-08-24,11771
2020-08-25,11358
2020-08-26,11472
2020-08-27,11315
2020-08-28,11528
2020-08-29,11491
2020-08-30,11699
2020-08-31,11678
2020-09-01,11970
2020-09-02,11415
2020-09-03,10261
2020-09-04,10472
2020-09-05,10129
2020-09-06,10253
2020-09-07,10368
2020-09-08,10109
2020-09-09,10223
2020-09-10,10335
2020-09-11,10387
2020-09-12,10437
2020-09-13,10323
2020-09-14,10663
2020-09-15,10779
2020-09-16,10968
2020-09-17,10936
2020-09-18,10920
2020-09-19,11074
2020-09-20,10921
2020-09-21,10455
2020-09-22,10520
2020-09-23,10233
2020-09-24,10739
2020-09-25,10684
2020-09-26,10742
2020-09-27,10759
2020-09-28,10727
2020-09-29,10841
2020-09-30,10772
2020-10-01,10607
2020-10-02,10570
2020-10-03,10556
2020-10-04,10666
2020-10-05,10773
2020-10-06,10596
2020-10-07,10667
2020-10-08,10903
2020-10-09,11074
2020-10-10,11303
2020-10-11,11378
2020-10-12,11548
2020-10-13,11435
2020-10-14,11417
2020-10-15,11503
2020-10-16,11339
2020-10-17,11363
2020-10-18,11490
2020-10-19,11746
2020-10-20,11929
2020-10-21,12848
2020-10-22,12997
2020-10-23,12953
2020-10-24,13114
2020-10-25,13042
2020-10-26,13081
2020-10-27,13676
2020-10-28,13290
2020-10-29,13475
2020-10-30,13603
2020-10-31,13807
2020-11-01,13737
2020-11-02,13596
2020-11-03,13997
2020-11-04,14129
2020-11-05,15606
2020-11-06,15619
2020-11-07,14866
2020-11-08,15500
2020-11-09,15320
2020-11-10,15319
2020-11-11,15731
2020-11-12,16290
2020-11-13,16330
2020-11-14,16102
2020-11-15,15987
2020-11-16,16743
2020-11-17,17682
2020-11-18,17805
2020-11-19,17819
2020-11-20,18664
2020-11-21,18707
2020-11-22,18483
2020-11-23,18373
2020-11-24,19150
2020-11-25,18748
2020-11-26,17114
2020-11-27,17102
2020-11-28,17745
2020-11-29,18191
2020-11-30,19664
2020-12-01,18821
2020-12-02,19215
2020-12-03,19470
2020-12-04,18733
2020-12-05,19115
2020-12-06,19356
2020-12-07,19182
2020-12-08,18341
2020-12-09,18575
2020-12-10,18295
2020-12-11,18062
2020-12-12,18813
2020-12-13,19156
2020-12-14,19287
2020-12-15,19433
2020-12-16,21371
2020-12-17,22789
2020-12-18,23049
2020-12-19,23857
2020-12-20,23529
2020-12-21,22937
2020-12-22,23757
2020-12-23,23307
2020-12-24,23708
2020-12-25,24669
2020-12-26,26478
2020-12-27,26431
2020-12-28,27039
2020-12-29,27231
2020-12-30,28845
2020-12-31,29023
2021-01-01,29381
2021-01-02,32023
2021-01-03,33278
2021-01-04,31802
2021-01-05,34013
2021-01-06,36643
2021-01-07,39216
2021-01-08,40775
2021-01-09,40371
2021-01-10,38329
2021-01-11,35270
2021-01-12,33712
2021-01-13,37297
2021-01-14,39046
2021-01-15,36710
2021-01-16,36177
2021-01-17,36070
2021-01-18,36594
2021-01-19,36250
2021-01-20,35515
2021-01-21,31023
2021-01-22,32986
2021-01-23,32036
2021-01-24,32216
2021-01-25,32420
2021-01-26,32641
2021-01-27,30359
2021-01-28,33511
2021-01-29,34166
2021-01-30,34350
2021-01-31,33158
2021-02-01,33570
2021-02-02,35596
2021-02-03,37578
2021-02-04,37129
2021-02-05,38045
2021-02-06,39342
2021-02-07,39003
2021-02-08,46122
2021-02-09,46548
2021-02-10,45078
2021-02-11,47893
2021-02-12,47525
2021-02-13,47209
2021-02-14,48830
2021-02-15,48110
2021-02-16,49140
2021-02-17,52225
2021-02-18,51650
2021-02-19,55821
2021-02-20,55862
2021-02-21,57501
2021-02-22,53952
2021-02-23,48560
2021-02-24,49567
2021-02-25,47568
2021-02-26,46232
2021-02-27,45835
2021-02-28,45359
2021-03-01,49634
2021-03-02,48305
2021-03-03,50690
2021-03-04,48473
2021-03-05,48801
2021-03-06,48971
2021-03-07,51086
2021-03-08,52088
2021-03-09,54739
2021-03-10,56116
2021-03-11,57847
2021-03-12,57335
2021-03-13,61289
2021-03-14,59906
2021-03-15,56121
2021-03-16,56500
2021-03-17,58683
2021-03-18,57731
2021-03-19,58168
2021-03-20,58248
2021-03-21,57448
2021-03-22,54453
2021-03-23,54564
2021-03-24,52595
2021-03-25,51547
2021-03-26,54818
2021-03-27,56020
2021-03-28,55713
2021-03-29,57571
2021-03-30,58685
2021-03-31,58792
2021-04-01,58819
2021-04-02,59032
2021-04-03,57282
2021-04-04,58202
2021-04-05,58756
2021-04-06,58084
2021-04-07,56267
2021-04-08,57963
2021-04-09,58052
2021-04-10,59652
2021-04-11,59933
2021-04-12,59906
2021-04-13,63446
2021-04-14,62869
2021-04-15,63231
2021-04-16,61571
2021-04-17,60281
2021-04-18,56390
2021-04-19,55798
2021-04-20,56474
2021-04-21,54026
2021-04-22,51882
2021-04-23,50955
2021-04-24,50280
2021-04-25,48947
2021-04-26,53943
2021-04-27,55027
2021-04-28,54787
2021-04-29,53567
2021-04-30,57741
2021-05-01,57864
2021-05-02,56573
2021-05-03,57243
2021-05-04,53724
2021-05-05,57342
2021-05-06,56527
2021-05-07,57341
2021-05-08,58736
2021-05-09,58288
2021-05-10,55903
2021-05-11,56612
2021-05-12,50972
2021-05-13,49369
2021-05-14,49997
2021-05-15,47048
2021-05-16,46023
2021-05-17,43492
2021-05-18,42790
2021-05-19,37643
2021-05-20,40799
2021-05-21,37174
2021-05-22,37643
2021-05-23,34774
2021-05-24,38630
2021-05-25,38270
2021-05-26,39195
2021-05-27,38511
2021-05-28,35597
2021-05-29,34682
2021-05-30,35652
2021-05-31,37313
2021-06-01,36661
2021-06-02,37639
2021-06-03,39160
2021-06-04,36884
2021-06-05,35410
2021-06-06,35721
2021-06-07,33725
2021-06-08,33475
2021-06-09,37373
2021-06-10,36826
2021-06-11,37185
2021-06-12,35669
2021-06-13,38925
2021-06-14,40456
2021-06-15,40255
2021-06-16,38266
2021-06-17,38019
2021-06-18,35714
2021-06-19,35556
2021-06-20,35600
2021-06-21,31715
2021-06-22,32395
2021-06-23,33610
2021-06-24,34659
2021-06-25,31684
2021-06-26,31891
2021-06-27,34506
2021-06-28,34376
2021-06-29,35934
2021-06-30,35065
2021-07-01,33505
2021-07-02,33783
2021-07-03,34588
2021-07-04,35356
2021-07-05,33912
2021-07-06,34124
2021-07-07,33932
2021-07-08,32820
2021-07-09,33915
2021-07-10,33611
2021-07-11,34258
2021-07-12,33135
2021-07-13,32642
2021-07-14,32798
2021-07-15,31708
2021-07-16,31456
2021-07-17,31548
2021-07-18,31708
2021-07-19,30883
2021-07-20,29767
2021-07-21,32120
2021-07-22,32307
2021-07-23,33440
2021-07-24,34167
2021-07-25,35120
2021-07-26,37445
2021-07-27,39127
2021-07-28,39939
2021-07-29,40086
2021-07-30,41790
2021-07-31,41793
2021-08-01,39969
2021-08-02,39304
2021-08-03,38289
2021-08-04,39774
2021-08-05,40942
2021-08-06,42790
2021-08-07,44485
2021-08-08,43972
2021-08-09,46266
2021-08-10,45489
2021-08-11,45676
2021-08-12,44406
2021-08-13,47717
2021-08-14,47124
2021-08-15,47074
2021-08-16,45985
2021-08-17,44714
2021-08-18,44954
2021-08-19,46647
2021-08-20,49241
2021-08-21,49070
2021-08-22,49363
2021-08-23,49591
2021-08-24,47926
2021-08-25,49002
2021-08-26,47190
2021-08-27,49048
2021-08-28,48852
2021-08-29,48948
2021-08-30,47126
2021-08-31,47219
2021-09-01,48689
2021-09-02,49370
2021-09-03,49861
2021-09-04,49920
2021-09-05,51748
2021-09-06,52641
2021-09-07,46854
2021-09-08,46188
2021-09-09,46449
2021-09-10,44765
2021-09-11,45099
2021-09-12,46181
2021-09-13,44992
2021-09-14,47023
2021-09-15,48167
2021-09-16,47797
2021-09-17,47214
2021-09-18,48204
2021-09-19,47218
2021-09-20,42856
2021-09-21,40526
2021-09-22,43578
2021-09-23,44861
2021-09-24,42803
2021-09-25,42735
2021-09-26,43131
2021-09-27,42497
2021-09-28,41224
2021-09-29,41454
2021-09-30,43782
2021-10-01,48078
2021-10-02,47792
2021-10-03,48203
2021-10-04,49289
2021-10-05,51558
2021-10-06,55420
2021-10-07,53805
2021-10-08,53934
2021-10-09,55011
2021-10-10,54701
2021-10-11,57289
2021-10-12,56196
2021-10-13,57349
2021-10-14,57384
2021-10-15,61446
2021-10-16,60932
2021-10-17,61462
2021-10-18,61977
2021-10-19,64291
2021-10-20,66062
2021-10-21,62374
2021-10-22,60751
2021-10-23,61250
2021-10-24,60865
2021-10-25,63032
2021-10-26,60394
2021-10-27,58563
2021-10-28,60565
2021-10-29,62231
2021-10-30,61743
2021-10-31,61433
2021-11-01,61092
2021-11-02,63025
2021-11-03,62956
2021-11-04,61394
2021-11-05,61006
2021-11-06,61455
2021-11-07,63044
2021-11-08,67542
2021-11-09,67096
2021-11-10,64756
2021-11-11,64963
2021-11-12,64079
2021-11-13,64398
2021-11-14,65032
2021-11-15,63754
2021-11-16,60322
2021-11-17,60154
2021-11-18,56794
2021-11-19,58014
2021-11-20,59749
2021-11-21,59033
2021-11-22,56384
2021-11-23,57642
2021-11-24,57142
2021-11-25,59009
2021-11-26,53801
2021-11-27,54636
2021-11-28,57249
2021-11-29,57921
2021-11-30,57097
2021-12-01,57181
2021-12-02,56583
2021-12-03,53672
2021-12-04,49160
2021-12-05,49327
2021-12-06,50535
2021-12-07,50574
2021-12-08,50501
2021-12-09,47938
2021-12-10,47437
2021-12-11,49322
2021-12-12,50137
2021-12-13,46785
2021-12-14,48293
2021-12-15,48831
2021-12-16,47663
2021-12-17,46334
2021-12-18,46905
2021-12-19,46876
2021-12-20,46955
2021-12-21,49082
2021-12-22,48692
2021-12-23,50713
2021-12-24,50784
2021-12-25,50590
2021-12-26,50798
2021-12-27,50796
2021-12-28,47673
2021-12-29,46470
2021-12-30,47102
2021-12-31,46355
2022-01-01,47560
2022-01-02,47353
2022-01-03,46453
2022-01-04,45906
2022-01-05,43531
2022-01-06,43145
2022-01-07,41513
2022-01-08,41800
2022-01-09,41886
2022-01-10,41817
2022-01-11,42768
2022-01-12,43961
2022-01-13,42627
2022-01-14,43103
2022-01-15,43207
2022-01-16,43169
2022-01-17,42211
2022-01-18,42431
2022-01-19,41788
2022-01-20,40756
2022-01-21,36492
2022-01-22,34996
2022-01-23,36271
2022-01-24,36660
2022-01-25,36953
2022-01-26,36826
2022-01-27,37022
2022-01-28,37769
2022-01-29,38088
2022-01-30,37984
2022-01-31,38463
2022-02-01,38788
2022-02-02,36942
2022-02-03,37058
2022-02-04,41080
2022-02-05,41509
2022-02-06,42358
2022-02-07,43889
2022-02-08,44167
2022-02-09,44405
2022-02-10,43614
2022-02-11,42357
2022-02-12,42173
2022-02-13,42196
2022-02-14,42646
2022-02-15,44512
2022-02-16,44066
2022-02-17,40610
2022-02-18,40044
2022-02-19,40096
2022-02-20,38552
2022-02-21,37098
2022-02-22,38203
2022-02-23,37308
2022-02-24,38284
2022-02-25,39324
2022-02-26,39057
2022-02-27,37665
2022-02-28,43179
2022-03-01,44334
2022-03-02,43985
2022-03-03,42493
2022-03-04,39106
2022-03-05,39384
2022-03-06,38399
2022-03-07,38147
2022-03-08,38725
2022-03-09,41989
2022-03-10,39482
2022-03-11,38825
2022-03-12,38951
2022-03-13,37808
2022-03-14,39649
2022-03-15,39357
2022-03-16,41102
2022-03-17,40966
2022-03-18,41826
2022-03-19,42193
2022-03-20,41295
2022-03-21,41064
2022-03-22,42383
2022-03-23,42734
2022-03-24,43975
2022-03-25,44347
2022-03-26,44520
2022-03-27,46777
2022-03-28,47224
2022-03-29,47464
2022-03-30,47123
2022-03-31,45562
2022-04-01,46250
2022-04-02,45940
2022-04-03,46441
2022-04-04,46663
2022-04-05,45693
2022-04-06,43305
2022-04-07,43569
2022-04-08,42222
2022-04-09,42681
2022-04-10,42264
2022-04-11,39544
2022-04-12,40096
2022-04-13,41153
2022-04-14,39916
2022-04-15,40527
2022-04-16,40440
2022-04-17,39705
2022-04-18,40819
2022-04-19,41490
2022-04-20,41396
2022-04-21,40457
2022-04-22,39738
2022-04-23,39582
2022-04-24,39512
2022-04-25,40474
2022-04-26,38073
2022-04-27,39219
2022-04-28,39748
2022-04-29,38610
2022-04-30,37714
2022-05-01,38459
2022-05-02,38566
2022-05-03,37704
2022-05-04,39642
2022-05-05,36502
2022-05-06,36043
2022-05-07,35509
2022-05-08,34059
2022-05-09,30458
2022-05-10,30991
2022-05-11,28797
2022-05-12,29031
2022-05-13,29286
2022-05-14,30052
2022-05-15,31183
2022-05-16,29890
2022-05-17,30438
2022-05-18,28771
2022-05-19,30258
2022-05-20,29224
2022-05-21,29420
2022-05-22,30332
2022-05-23,29088
2022-05-24,29644
2022-05-25,29577
2022-05-26,29332
2022-05-27,28612
2022-05-28,29046
2022-05-29,29430
2022-05-30,31736
2022-05-31,31831
2022-06-01,29826
2022-06-02,30504
2022-06-03,29663
2022-06-04,29792
2022-06-05,29915
2022-06-06,31334
2022-06-07,31175
2022-06-08,30228
2022-06-09,30064
2022-06-10,29070
2022-06-11,28361
2022-06-12,26830
2022-06-13,22316
2022-06-14,22073
2022-06-15,22521
2022-06-16,20310
2022-06-17,20465
2022-06-18,19014
2022-06-19,20492
2022-06-20,20572
2022-06-21,20688
2022-06-22,20003
2022-06-23,21097
2022-06-24,21299
2022-06-25,21468
2022-06-26,21067
2022-06-27,20751
2022-06-28,20263
2022-06-29,20081
2022-06-30,19333
2022-07-01,19342
2022-07-02,19232
2022-07-03,19277
2022-07-04,20226
2022-07-05,20193
2022-07-06,20561
2022-07-07,21651
2022-07-08,21814
2022-07-09,21585
2022-07-10,20831
2022-07-11,19971
2022-07-12,19339
2022-07-13,20156
2022-07-14,20553
2022-07-15,20832
2022-07-16,21197
2022-07-17,20828
2022-07-18,22306
2022-07-19,23371
2022-07-20,23281
2022-07-21,23152
2022-07-22,22706
2022-07-23,22484
2022-07-24,22653
2022-07-25,21510
2022-07-26,21182
2022-07-27,22898
2022-07-28,23839
2022-07-29,23951
2022-07-30,23623
2022-07-31,23356
2022-08-01,23331
2022-08-02,23031
2022-08-03,22810
2022-08-04,22628
2022-08-05,23249
2022-08-06,22996
2022-08-07,23154
2022-08-08,23804
2022-08-09,23186
2022-08-10,23923
2022-08-11,23934
2022-08-12,24396
2022-08-13,24426
2022-08-14,24314
2022-08-15,24084
2022-08-16,23869
2022-08-17,23336
2022-08-18,23221
2022-08-19,20907
2022-08-20,21147
2022-08-21,21554
2022-08-22,21301
2022-08-23,21535
2022-08-24,21425
2022-08-25,21588
2022-08-26,20246
2022-08-27,20044
2022-08-28,19674
2022-08-29,20271
2022-08-30,19825
2022-08-31,20025
2022-09-01,20105
2022-09-02,19949
2022-09-03,19804
2022-09-04,19962
2022-09-05,19798
2022-09-06,18846
2022-09-07,19293
2022-09-08,19319
2022-09-09,21363
2022-09-10,21715
2022-09-11,21733
2022-09-12,22365
2022-09-13,20165
2022-09-14,20246
2022-09-15,19697
2022-09-16,19742
2022-09-17,20121
2022-09-18,19427
2022-09-19,19558
2022-09-20,18873
2022-09-21,18507
2022-09-22,19415
2022-09-23,19327
2022-09-24,18925
2022-09-25,18793
2022-09-26,19201
2022-09-27,19107
2022-09-28,19455
2022-09-29,19541
2022-09-30,19435
2022-10-01,19312
2022-10-02,19015
2022-10-03,19633
2022-10-04,20340
2022-10-05,20155
2022-10-06,19951
2022-10-07,19539
2022-10-08,19416
2022-10-09,19428
2022-10-10,19154
2022-10-11,19039
2022-10-12,19157
2022-10-13,19388
2022-10-14,19178
2022-10-15,19070
2022-10-16,19262
2022-10-17,19557
2022-10-18,19341
2022-10-19,19132
2022-10-20,19033
2022-10-21,19175
2022-10-22,19208
2022-10-23,19565
2022-10-24,19341
2022-10-25,20095
2022-10-26,20797
2022-10-27,20280
2022-10-28,20605
2022-10-29,20804
2022-10-30,20617
2022-10-31,20491
2022-11-01,20484
2022-11-02,20148
2022-11-03,20198
2022-11-04,21157
2022-11-05,21283
2022-11-06,20947
2022-11-07,20569
2022-11-08,18521
2022-11-09,15758
2022-11-10,17542
2022-11-11,16917
2022-11-12,16771
2022-11-13,16320
2022-11-14,16629
2022-11-15,16856
2022-11-16,16660
2022-11-17,16675
2022-11-18,16662
2022-11-19,16696
2022-11-20,16247
2022-11-21,15778
2022-11-22,16173
2022-11-23,16574
2022-11-24,16584
2022-11-25,16522
2022-11-26,16449
2022-11-27,16436
2022-11-28,16213
2022-11-29,16443
2022-11-30,17177
2022-12-01,16961
2022-12-02,17075
2022-12-03,16900
2022-12-04,17122
2022-12-05,16961
2022-12-06,17071
2022-12-07,16848
2022-12-08,17231
2022-12-09,17136
2022-12-10,17124
2022-12-11,17094
2022-12-12,17196
2022-12-13,17775
2022-12-14,17810
2022-12-15,17344
2022-12-16,16606
2022-12-17,16774
2022-12-18,16776
2022-12-19,16424
2022-12-20,16902
2022-12-21,16801
2022-12-22,16814
2022-12-23,16781
2022-12-24,16838
2022-12-25,16825
2022-12-26,16880
2022-12-27,16699
2022-12-28,16536
2022-12-29,16631
2022-12-30,16594
2022-12-31,16524
2023-01-01,16607
2023-01-02,16689
2023-01-03,16670
2023-01-04,16848
2023-01-05,16825
2023-01-06,16958
2023-01-07,16943
2023-01-08,17059
2023-01-09,17182
2023-01-10,17434
2023-01-11,17834
2023-01-12,18870
2023-01-13,19869
2023-01-14,21011
2023-01-15,20876
2023-01-16,21180
2023-01-17,21178
2023-01-18,20710
2023-01-19,21072
2023-01-20,22661
2023-01-21,22803
2023-01-22,22716
2023-01-23,22929
2023-01-24,22611
2023-01-25,23109
2023-01-26,23009
2023-01-27,23070
2023-01-28,23009
2023-01-29,23775
2023-01-30,22799
2023-01-31,23130
2023-02-01,23727
2023-02-02,23506
2023-02-03,23446
2023-02-04,23356
2023-02-05,22957
2023-02-06,22745
2023-02-07,23266
2023-02-08,22938
2023-02-09,21818
2023-02-10,21621
2023-02-11,21865
2023-02-12,21772
2023-02-13,21799
2023-02-14,22222
2023-02-15,